,연관키워드,월간검색수_PC,월간검색수_모바일,월평균클릭수_PC,월평균클릭수_모바일,월평균클릭률_PC,월평균클릭률_모바일,월평균노출광고수,경쟁정도
0,공장현판,10,< 10,0.1,0.3,1.3,4.77,14,높음
1,병원현판,10,10,1.2,0.7,8.0,3.71,15,높음
2,기업현판,60,10,2.6,0.0,4.28,0.0,15,높음
3,금속명패,40,50,0.9,0.0,2.12,0.0,15,높음
4,회사안내판,20,< 10,1.0,0.0,4.35,0.0,15,높음
5,현판,5230,4810,95.1,88.0,2.02,2.05,15,높음
6,현판제작,1530,1240,58.7,66.2,4.24,5.78,15,높음
7,아크릴현판,1190,930,38.9,36.3,3.58,4.21,15,높음
8,사무실현판,470,260,17.3,15.4,4.04,6.33,15,높음
9,회사현판,400,200,14.2,15.7,3.79,8.28,15,높음
10,스텐현판제작,100,90,6.1,7.7,6.6,8.74,15,높음
11,문패,2120,4350,19.0,81.0,0.97,1.97,15,높음
12,미니간판,890,3240,16.5,124.0,2.07,4.06,15,높음
13,아크릴간판,2860,5800,66.9,139.5,2.57,2.61,15,높음
14,회사명판,2520,1680,33.8,49.5,1.5,3.21,15,높음
15,아크릴명판,1130,750,22.8,22.0,2.2,3.19,15,높음
16,회사간판,530,410,14.0,16.5,2.9,4.28,15,높음
17,간판만들기,740,2880,23.9,139.4,3.46,5.19,15,높음
18,실내간판,700,1530,21.5,58.0,3.35,4.08,15,높음
19,금속현판,100,120,4.1,8.0,4.1,6.84,15,높음
20,사무실간판,570,470,16.9,14.9,3.25,3.32,15,높음
21,아크릴간판제작,310,780,10.7,61.8,3.72,8.12,15,높음
22,아크릴현판제작,190,150,9.2,12.3,4.96,9.35,15,높음
23,사무실명판,320,170,8.7,12.3,2.9,7.26,15,높음
24,포맥스현판,180,150,5.9,4.0,3.72,3.51,15,높음
25,기업부설연구소현판,570,100,8.3,0.0,1.58,0.0,15,높음
26,아크릴명패,1060,630,14.5,18.3,1.53,3.2,15,높음
27,감사패,7720,13100,140.8,424.0,2.09,3.59,15,높음
28,스텐현판,280,80,10.2,6.0,3.91,7.46,15,높음
29,연구소현판,100,10,2.1,0.3,2.25,4.17,15,높음
30,알루미늄명판,620,420,22.1,20.7,3.94,5.44,15,높음
31,현판디자인,160,70,3.5,5.3,2.27,7.85,15,높음
32,입체현판,30,10,1.6,0.0,6.47,0.0,15,높음
33,내부간판,110,160,3.3,12.3,3.18,8.34,15,높음
34,예쁜현판,130,400,3.5,27.0,3.32,6.96,15,높음
35,디자인현판,30,20,1.3,0.0,3.62,0.0,15,높음
36,실내현판,40,20,0.9,1.0,2.4,4.0,15,높음
37,사무실명패,540,400,7.7,11.3,1.62,3.25,15,높음
38,회사문패,70,40,0.6,0.0,0.85,0.0,15,높음
39,신주현판,70,40,1.5,0.0,2.52,0.0,15,높음
40,고급현판,< 10,< 10,0.3,0.0,5.48,0.0,15,높음
41,회사아크릴현판,< 10,< 10,0.2,0.0,7.9,0.0,13,중간
42,명패,5430,7910,55.6,214.0,1.13,2.95,15,높음
43,퇴직기념패,820,1470,18.7,66.4,2.66,5.27,15,높음
44,크리스탈명패,320,430,12.7,32.0,4.55,7.95,15,높음
45,회사명판제작,240,150,4.9,9.3,2.47,6.27,15,높음
46,재직기념패,630,450,10.5,15.5,2.09,4.42,15,높음
47,명패디자인,510,710,14.4,59.2,3.0,8.99,15,높음
48,부모님감사패,1240,4990,28.1,237.8,2.56,5.33,15,높음
49,순금상패,310,760,12.3,26.0,4.46,3.64,15,높음
50,상패,3880,4020,94.2,109.8,2.69,3.09,15,높음
51,퇴직감사패,610,720,6.6,25.8,1.3,4.05,15,높음
52,명판,7040,5040,31.8,50.7,0.5,1.11,15,높음
53,자개명패,360,840,6.5,26.5,2.3,5.61,15,높음
54,크리스탈상패,940,1190,44.1,70.2,5.24,6.56,15,높음
55,칠순감사패,660,3340,13.7,133.1,2.42,4.41,15,높음
56,실크인쇄,2010,1330,33.6,38.8,1.83,3.12,15,높음
57,신주간판,140,110,2.5,3.3,1.81,2.44,15,높음
58,메탈현판,130,120,4.2,8.0,3.55,6.67,15,높음
59,아크릴상패,50,50,0.9,4.7,1.87,9.16,15,높음
60,크리스탈감사패,560,1240,18.3,74.8,3.72,6.56,15,높음
61,정년퇴직감사패,700,2090,8.5,85.8,1.54,5.07,15,높음
62,명판제작,1180,620,24.8,27.5,2.35,4.92,15,높음
63,팻말,3310,5150,5.2,35.0,0.17,0.73,15,높음
64,아크릴입간판,590,1050,10.3,32.7,1.91,3.38,15,높음
65,현판인쇄,20,< 10,0.7,0.0,3.59,0.0,13,중간
66,사무실문패,210,150,4.6,11.7,2.36,7.58,15,높음
67,명판인쇄,80,30,1.9,1.3,2.45,4.94,15,높음
68,연구개발전담부서현판,60,10,1.2,0.0,1.91,0.0,15,높음
69,문화재안내판,160,50,5.8,6.1,3.75,13.58,15,높음
70,어린이집현판,10,10,0.0,0.0,0.0,0.0,15,높음
71,스텐부식현판,60,70,1.8,0.0,3.27,0.0,14,높음
72,아크릴문패,130,260,2.7,8.7,2.16,3.62,15,높음
73,회사현판제작,30,10,2.3,0.3,7.32,3.04,15,높음
74,학원현판,10,20,0.6,1.5,5.36,5.56,14,높음
75,소형간판,170,380,4.5,17.5,2.87,5.18,15,높음
76,회사입간판,50,30,1.7,0.3,3.47,0.76,15,높음
77,건물인포메이션,40,30,2.1,0.3,5.86,1.2,13,중간
78,사무실입구간판,10,10,0.8,0.0,5.37,0.0,15,높음
79,사무실현판제작,10,< 10,0.9,0.7,5.78,33.34,15,높음
80,스테인레스현판,30,20,1.5,0.0,5.5,0.0,15,높음
81,회사명패,200,130,0.8,2.8,0.43,2.22,15,높음
82,부동산현판,< 10,10,0.0,0.3,0.0,2.5,3,높음
83,대형현판,10,< 10,1.6,1.0,10.93,12.5,12,중간
84,오피스사인,< 10,< 10,0.3,0.0,5.56,0.0,3,높음
85,부식현판,50,20,1.8,0.7,3.77,3.71,15,높음
86,신주명패,< 10,10,0.1,0.0,3.34,0.0,15,높음
87,사무실아크릴명판,10,< 10,1.1,0.0,10.82,0.0,4,낮음
88,스텐부식명판,30,20,0.6,1.0,1.59,4.55,15,높음
89,LED현판,40,40,1.3,0.0,3.39,0.0,14,높음
90,부식간판,130,160,2.1,5.3,1.74,3.36,15,높음
91,복도간판,20,40,0.9,0.0,3.69,0.0,14,높음
92,연구소간판,20,< 10,0.7,0.0,3.22,0.0,15,높음
93,동현판,10,10,1.4,1.3,12.5,13.05,3,높음
94,현판제작업체,10,< 10,0.5,0.0,3.12,0.0,15,높음
95,사무실아크릴현판,10,< 10,0.5,0.0,5.41,0.0,15,높음
96,현판만들기,10,10,0.1,0.0,0.48,0.0,15,높음
97,빌딩현판,< 10,10,0.2,0.7,10.0,5.56,15,높음
98,회사표지판,20,< 10,0.7,0.3,3.06,3.13,15,높음
99,부착형간판,10,10,0.3,1.3,2.03,7.02,11,중간
100,교회현판,10,20,0.4,0.8,4.52,2.68,15,높음
101,다보현판,40,< 10,1.3,0.7,3.96,33.34,15,높음
102,명판부식,20,10,1.1,0.0,4.64,0.0,15,높음
103,메탈명패,30,50,0.9,0.8,3.02,1.54,15,높음
104,층별안내,310,170,6.8,4.0,2.45,2.65,15,높음
105,층별안내도,200,60,9.0,1.8,4.76,2.9,8,중간
106,층별안내판,170,130,7.3,10.0,4.72,8.55,15,높음
107,디자인명패,30,40,0.6,0.0,2.0,0.0,15,높음
108,명패제작,510,830,14.1,44.3,3.09,5.89,15,높음
109,집명패,130,520,2.0,21.3,1.67,4.25,13,중간
110,골드명패,20,60,0.3,0.0,1.34,0.0,15,높음
111,순금감사패,650,1830,18.4,78.2,3.18,4.8,15,높음
112,안내표지판제작,110,160,4.3,15.0,4.05,9.75,15,높음
113,동판명패,10,< 10,0.5,0.0,4.59,0.0,11,중간
114,포맥스명패,10,< 10,0.5,0.0,4.42,0.0,12,중간
115,아크릴명판제작,170,120,6.3,2.7,3.95,2.36,15,높음
116,알미늄표찰,< 10,< 10,0.1,0.3,6.67,33.34,15,높음
117,나무명패,360,820,5.7,25.3,1.72,3.39,15,높음
118,승진선물,1600,4170,3.0,38.7,0.21,1.02,15,높음
119,스테인레스명패,< 10,< 10,0.5,0.0,7.15,0.0,2,중간
120,층별안내표지판,10,< 10,0.9,0.3,7.88,4.17,15,높음
121,스텐간판,170,250,4.0,8.7,2.47,3.65,15,높음
122,안내표지판,910,980,11.3,24.7,1.35,2.65,15,높음
123,회사사인,20,10,0.3,0.3,2.11,2.5,15,높음
124,가게개업선물,230,2520,1.1,47.5,0.5,2.03,15,높음
125,건물명패,40,50,2.7,0.3,6.85,0.7,4,낮음
126,스텐명판,90,80,6.6,4.0,7.59,4.88,15,높음
127,사무실안내판,90,40,1.1,0.0,1.28,0.0,15,높음
128,스텐명패,20,10,1.0,0.7,4.0,3.71,15,높음
129,학원표찰,< 10,10,0.5,2.0,6.67,12.5,15,높음
130,미니명패,40,110,0.3,0.8,0.88,0.71,14,높음
131,승진축하선물,300,770,1.4,7.7,0.54,1.12,15,높음
132,부서간판,50,10,0.8,0.3,1.41,1.57,15,높음
133,금속간판,200,450,2.2,17.7,1.14,4.06,15,높음
134,단면표찰,< 10,< 10,0.0,0.0,0.0,0.0,11,중간
135,나무상패,150,180,4.7,10.7,3.54,6.43,15,높음
136,포맥스재단,1310,2150,33.3,109.7,2.72,5.51,15,높음
137,스테인리스명패,< 10,< 10,0.4,0.0,12.5,0.0,3,높음
138,크리스탈패,30,120,0.5,5.0,1.95,4.4,15,높음
139,회사표찰,20,< 10,0.8,1.0,3.81,20.0,15,높음
140,우승트로피,130,360,2.2,13.5,1.75,3.88,15,높음
141,부서안내판,30,< 10,0.8,0.0,2.79,0.0,14,높음
142,간판119,160,110,49.6,28.9,35.96,31.79,1,낮음
143,대표이사명패,110,150,4.3,8.3,3.87,5.96,15,높음
144,포맥스간판,560,670,12.1,25.7,2.44,4.35,15,높음
145,인포메이션안내판,10,10,0.2,0.0,2.95,0.0,6,중간
146,축구트로피,90,350,3.4,11.7,3.62,3.56,15,높음
147,건물현판,20,50,0.3,2.3,1.4,4.25,12,중간
148,서각명패,< 10,10,0.1,0.0,1.12,0.0,15,높음
149,아크릴간판가격,40,190,1.9,11.8,4.67,6.53,15,높음
150,골프트로피,680,1060,15.7,62.2,2.45,6.55,15,높음
151,시트지간판,220,490,6.1,29.7,3.0,6.17,15,높음
152,아크릴안내판,710,860,13.1,24.7,1.98,3.02,15,높음
153,알루미늄명패,40,10,0.8,0.0,1.91,0.0,15,높음
154,인물화상패,110,80,6.6,6.0,6.6,7.32,15,높음
155,탁상명패,30,10,1.0,0.8,3.23,5.36,15,높음
156,테이블명패,50,20,1.3,0.0,2.67,0.0,15,높음
157,우드명패,30,50,0.4,0.5,1.38,0.93,15,높음
158,전원주택문패,30,120,1.2,5.8,3.64,4.92,10,중간
159,포맥스등신대,50,10,1.1,0.3,2.39,1.93,14,높음
160,대문문패,290,1670,11.8,104.4,4.26,6.56,15,높음
161,책상명패,90,110,1.5,6.0,1.65,6.07,15,높음
162,입구간판,90,280,1.1,3.7,1.31,1.43,15,높음
163,공로패,1800,1220,32.9,49.0,2.18,4.55,15,높음
164,부서명표찰,< 10,< 10,0.3,0.0,3.75,0.0,11,중간
165,신주부식,90,50,1.5,0.3,1.99,0.78,15,높음
166,명폐,170,310,1.4,8.5,0.87,2.9,15,높음
167,사장님선물,180,490,1.1,0.3,0.66,0.08,15,높음
168,병원개원선물,200,1070,2.5,23.0,1.32,2.35,15,높음
169,회사간판제작,100,140,4.5,9.0,4.47,7.83,15,높음
170,상패디자인,40,20,1.0,0.0,3.04,0.0,15,높음
171,안내표찰,30,10,0.4,0.0,1.24,0.0,15,높음
172,건물안내도,30,10,0.6,0.4,1.97,2.28,7,중간
173,탁상용명패,10,< 10,0.5,0.0,3.63,0.0,15,높음
174,정년퇴직선물,1830,7880,13.7,162.5,0.89,2.41,15,높음
175,근속기념패,30,30,2.1,1.0,6.27,3.23,15,높음
176,표지판,3740,5250,22.9,27.7,0.67,0.57,15,높음
177,웨딩등신대,160,540,3.2,33.0,2.15,6.17,15,높음
178,돌출표지판,40,30,0.5,0.3,1.47,1.08,13,중간
179,사무실개업선물,370,1660,1.1,23.7,0.34,1.57,15,높음
180,삼각명패,180,120,1.1,5.3,0.69,4.6,15,높음
181,대표이사명판,60,70,0.9,0.0,1.77,0.0,15,높음
182,정년퇴임감사패,110,170,1.6,4.5,1.71,3.27,15,높음
183,간판스카시,80,140,1.5,3.0,1.91,2.37,15,높음
184,스틸현판,10,< 10,1.9,0.0,11.12,0.0,2,중간
185,퇴임기념패,50,40,0.9,1.7,2.12,6.95,15,높음
186,부서명표지판,50,< 10,1.4,0.0,2.78,0.0,15,높음
187,빌딩안내판,10,10,0.8,0.0,5.85,0.0,12,중간
188,자개상패,20,20,0.0,2.0,0.0,6.9,15,높음
189,감사패문구,1750,1230,14.5,37.8,0.96,3.3,15,높음
190,철제간판,310,750,5.7,20.7,1.93,3.01,15,높음
191,신주명판,30,10,1.2,0.3,4.13,1.97,15,높음
192,층안내,30,< 10,0.9,0.0,3.1,0.0,13,중간
193,어버이날감사패,30,270,0.9,2.2,2.46,0.82,15,높음
194,미니트로피,150,460,2.2,12.7,1.66,3.04,15,높음
195,대표이사실,230,100,2.8,0.0,1.35,0.0,14,높음
196,아크릴배너,90,80,1.9,1.3,2.29,1.67,15,높음
197,개업축하선물,580,2700,2.8,56.6,0.54,2.25,15,높음
198,예쁜명패,10,20,0.0,1.7,0.0,7.94,15,높음
199,층수표시,40,40,0.4,0.7,1.16,1.52,12,중간
200,금기념품,50,90,1.8,5.3,4.19,6.28,15,높음
201,피규어제작,1450,3510,47.1,251.0,3.54,7.62,15,높음
202,부서명패,100,20,1.7,0.5,1.82,2.28,15,높음
203,스틸명패,< 10,< 10,1.7,1.0,23.81,16.67,3,높음
204,상패주문,< 10,10,0.4,0.7,5.0,4.45,15,높음
205,미니상패,40,30,0.7,2.0,1.86,5.56,15,높음
206,철제현판,20,20,1.5,0.4,7.62,1.64,5,중간
207,A형배너,70,50,0.9,1.0,1.48,1.79,14,높음
208,사무실팻말,90,80,0.9,1.0,1.17,1.27,15,높음
209,주석상패,20,10,0.7,1.3,3.67,12.13,15,높음
210,아크릴실내간판,< 10,20,0.2,0.0,2.28,0.0,13,중간
211,환갑감사패,270,1000,5.3,34.4,2.36,3.77,15,높음
212,감사장문구,330,420,1.4,21.7,0.47,5.45,15,높음
213,간판로고,70,150,1.2,10.0,1.97,6.67,15,높음
214,실내아크릴간판,80,130,1.9,7.3,2.81,6.02,14,높음
215,목사안수패,< 10,10,0.5,3.0,7.62,17.65,15,높음
216,원형간판,250,600,1.9,12.3,0.82,2.23,15,높음
217,감사패가격,30,70,0.5,7.7,1.56,9.83,15,높음
218,로비간판,< 10,< 10,0.0,0.0,0.0,0.0,1,중간
219,인물상패,30,10,1.6,0.3,4.45,2.57,15,높음
220,안내판,2250,1700,24.1,46.8,1.18,3.0,15,높음
221,순금기념품,80,140,1.5,8.7,1.96,6.57,15,높음
222,스탠입간판,10,< 10,2.7,0.7,17.86,9.53,4,낮음
223,아파트현판,< 10,10,0.4,0.0,4.88,0.0,5,중간
224,상패제작,900,1180,38.5,67.8,4.73,6.34,15,높음
225,고급감사패,20,10,1.5,2.3,6.12,15.56,15,높음
226,스텐부식,300,160,10.8,3.7,3.98,2.38,15,높음
227,진급선물,280,1780,0.4,12.7,0.16,0.76,15,높음
228,현수막간판,70,230,1.3,6.7,1.9,2.95,15,높음
229,대표실,200,140,0.6,1.0,0.31,0.74,9,중간
230,스텐절곡현판,< 10,< 10,0.7,0.0,8.34,0.0,3,높음
231,개인명패,10,< 10,0.3,0.0,1.97,0.0,15,높음
232,기업현판제작,10,< 10,0.1,0.0,2.05,0.0,8,중간
233,현판종류,10,< 10,0.7,0.0,7.41,0.0,3,높음
234,소형현판,< 10,< 10,0.0,0.0,0.0,0.0,4,낮음
235,스카시현판,10,10,0.8,0.0,5.73,0.0,14,높음
236,현판사인,10,< 10,1.7,0.3,11.05,33.34,11,중간
237,현판간판,30,20,0.2,0.7,0.56,3.23,11,중간
238,유치원현판,< 10,< 10,0.3,0.0,5.34,0.0,15,높음
239,학교현판,30,< 10,0.3,0.0,1.12,0.0,15,높음
240,실외현판,10,< 10,0.5,0.3,5.27,6.67,13,중간
241,어린이집문패,20,60,0.3,2.0,1.41,3.18,15,높음
242,실내명판,< 10,10,0.0,2.0,0.0,18.19,15,높음
243,부설연구소현판,10,< 10,0.5,0.0,9.34,0.0,15,높음
244,포맥스실사출력,60,50,1.9,1.5,3.4,2.73,15,높음
245,사무실현관,20,30,0.0,1.0,0.0,3.38,3,높음
246,내부사인물,50,20,1.3,2.0,2.61,8.34,15,높음
247,회사입구간판,< 10,10,0.3,0.0,4.96,0.0,14,높음
248,스텐표지판,30,40,2.0,0.7,6.07,1.63,15,높음
249,아크릴다보,650,440,15.4,13.0,2.57,3.05,15,높음
250,아크릴다보제작,< 10,< 10,0.3,0.0,6.67,0.0,3,높음
251,사무실문패제작,10,< 10,1.3,0.0,11.12,0.0,3,높음
252,회사게시판제작,< 10,< 10,0.7,0.0,14.67,0.0,15,높음
253,기계명판제작,10,10,0.9,0.3,7.76,2.57,11,중간
254,실내용간판,< 10,< 10,0.1,0.0,3.34,0.0,15,높음
255,교회표지,< 10,< 10,0.0,0.0,0.0,0.0,3,높음
256,금속인쇄,80,70,3.1,3.3,4.39,4.77,15,높음
257,회사아크릴명판,< 10,< 10,0.2,0.3,2.54,5.56,13,중간
258,학교팻말,20,10,0.1,0.0,0.66,0.0,13,중간
259,안전표지판종류,100,200,1.2,0.7,1.25,0.36,14,높음
260,금속실크인쇄,10,< 10,0.7,0.0,8.42,0.0,13,중간
261,서스명판,< 10,< 10,0.0,0.0,0.0,0.0,3,높음
262,유브이인쇄,20,< 10,0.5,0.5,2.46,5.56,15,높음
263,알루미늄명판제작,100,70,3.8,8.3,3.8,11.74,15,높음
264,동명판,< 10,< 10,0.3,0.0,11.12,0.0,3,높음
265,준공명판,10,< 10,0.3,0.0,2.57,0.0,3,높음
266,카페안내판,40,70,1.1,0.3,2.44,0.56,15,높음
267,부식인쇄,20,10,1.0,0.0,4.77,0.0,3,높음
268,사무실안내표지판,10,10,0.3,0.0,2.6,0.0,15,높음
269,사장실명패,10,< 10,0.6,0.0,4.94,0.0,7,중간
270,대표실표찰,10,< 10,0.0,0.0,0.0,0.0,3,높음
271,학교명패,30,10,0.5,0.0,1.67,0.0,15,높음
272,고급표찰,< 10,< 10,1.0,0.0,12.5,0.0,3,높음
273,현판추천,40,140,0.0,0.0,0.0,0.0,3,높음
274,벤처인증현판,< 10,< 10,0.3,0.0,16.67,0.0,3,높음
275,회사이름표,90,60,0.8,0.0,0.9,0.0,15,높음
276,회사현판디자인,< 10,< 10,0.2,0.0,4.0,0.0,15,높음
277,황동현판,20,20,0.4,0.3,1.61,1.67,14,높음
278,신주부식현판,< 10,< 10,0.7,0.0,11.12,0.0,3,높음
279,입구현판,30,10,1.0,0.7,3.2,7.41,15,높음
280,인증현판제작,< 10,< 10,1.0,0.0,25.0,0.0,3,높음
281,아크릴현판디자인,< 10,< 10,0.1,0.0,4.77,0.0,7,중간
282,주물현판제작,10,< 10,0.0,0.0,0.0,0.0,3,높음
283,초등학교현판,< 10,< 10,0.0,0.0,0.0,0.0,3,높음
284,헌판,10,< 10,0.0,0.0,0.0,0.0,3,높음
285,현판가격,10,10,0.3,0.7,2.57,4.77,15,높음
286,동판현판,10,10,0.7,1.0,5.1,11.12,12,중간
287,인증현판,50,20,1.0,0.7,1.99,3.18,14,높음
288,디자인문패,70,170,0.7,6.7,0.99,4.28,15,높음
289,주물현판,170,70,5.1,3.7,3.14,5.56,15,높음
290,상담실표지판,< 10,10,0.0,0.0,0.0,0.0,3,높음
291,회사실내간판,10,< 10,0.7,0.0,5.13,0.0,15,높음
292,교회명패,20,50,0.2,1.5,1.06,3.07,15,높음
293,주유소표지판,10,< 10,0.4,0.0,3.13,0.0,3,높음
294,현판아크릴,< 10,10,0.1,0.3,0.75,3.34,15,높음
295,현판주문제작,< 10,< 10,0.2,0.0,2.54,0.0,13,중간
296,광고현판,< 10,< 10,0.0,0.0,0.0,0.0,3,높음
297,부동산명판,20,40,0.7,0.0,2.82,0.0,3,높음
298,현판스카시,< 10,< 10,0.3,0.0,6.67,0.0,3,낮음
299,연구소명판,20,< 10,0.6,0.0,2.59,0.0,5,중간
300,연구소현판제작,10,< 10,2.1,0.0,21.06,0.0,2,중간
301,연구실명판,< 10,< 10,0.0,0.0,0.0,0.0,2,중간
302,연구실현판,< 10,< 10,0.0,0.0,0.0,0.0,3,높음
303,원형현판,< 10,< 10,2.3,0.0,28.58,0.0,2,중간
304,인테리어현판,< 10,< 10,0.3,0.0,8.34,0.0,3,높음
305,세무사명판,10,< 10,0.0,0.0,0.0,0.0,3,높음
306,실사현판,< 10,< 10,0.0,1.6,0.0,40.0,3,높음
307,돌출현판,30,10,0.7,0.3,1.97,1.93,13,중간
308,돌출형현판,< 10,< 10,1.1,0.0,27.28,0.0,6,중간
309,병원명판,30,20,0.5,0.0,1.8,0.0,13,중간
310,병원문패,< 10,< 10,0.0,0.0,0.0,0.0,3,높음
311,사무실명판제작,< 10,< 10,0.0,0.3,0.0,5.56,9,중간
312,아크릴프린팅,50,90,2.7,5.3,5.48,5.93,15,높음
313,현관현판,< 10,< 10,1.1,0.0,27.28,0.0,3,높음
314,부서표시,10,< 10,0.3,0.0,3.04,0.0,3,높음
315,회의실간판,20,10,0.6,1.3,2.42,16.67,15,높음
316,표지판제작업체,10,< 10,0.3,0.0,3.34,0.0,3,높음
317,동판부식,70,50,1.3,3.7,1.93,7.49,15,높음
318,셀프간판,140,620,5.2,28.7,3.86,4.81,15,높음
319,간판현판,30,10,0.4,0.0,1.33,0.0,13,중간
320,현판주문,10,< 10,1.7,0.3,10.42,4.17,3,높음
321,금속부식,140,100,1.3,0.0,0.99,0.0,15,높음
322,안양명판,10,10,0.0,0.0,0.0,0.0,3,높음
323,빌라현판,< 10,20,1.3,1.3,33.34,6.35,3,높음
324,행사용명찰,30,10,1.0,0.3,3.23,2.23,15,높음
325,금속주문제작,30,60,2.1,4.3,6.47,7.74,15,높음
326,금속명판제작,< 10,10,0.4,0.0,6.03,0.0,12,중간
327,금장명찰,10,20,0.4,2.7,3.2,12.7,9,중간
328,집게명찰,100,120,0.9,0.7,0.88,0.59,15,높음
329,금속디자인,40,80,0.3,1.8,0.78,2.11,15,높음
330,명찰사이즈,170,50,1.9,1.0,1.23,1.93,15,높음
331,명찰파는곳,< 10,50,0.0,1.8,0.0,3.58,15,높음
332,신주제작,20,20,0.6,0.5,2.36,2.33,10,중간
333,스텐부식명찰,10,< 10,1.8,0.7,11.42,11.12,14,높음
334,세미나명찰,10,10,0.4,1.0,3.34,10.0,15,높음
335,명찰아크릴,20,20,0.2,0.7,0.96,3.34,15,높음
336,아크릴입체현판,10,< 10,1.0,0.5,9.1,16.67,3,높음
337,아크릴표찰제작,10,< 10,0.7,0.0,6.07,0.0,14,높음
338,아크릴네임텍,110,470,1.2,0.3,1.06,0.06,15,높음
339,내부사인,40,30,2.3,2.3,5.31,7.53,15,높음
340,스텐지주간판,20,< 10,0.7,0.0,3.01,0.0,14,높음
341,황동간판,30,50,0.3,0.3,0.96,0.6,15,높음
342,사무실아크릴간판,10,10,0.3,0.0,1.67,0.0,15,높음
343,네임플레이트,410,470,2.9,3.7,0.77,0.83,15,높음
344,관공서현판,< 10,< 10,0.6,0.0,9.1,0.0,9,중간
345,명판조각,50,10,0.8,0.3,1.6,1.76,14,높음
346,다보액자,170,170,2.9,5.3,1.79,3.34,15,높음
347,포멕스사인,< 10,< 10,0.0,0.0,0.0,0.0,3,높음
348,간판스탠드,< 10,< 10,0.0,0.0,0.0,0.0,3,높음
349,교회표지판,< 10,10,0.3,0.0,6.67,0.0,3,높음
350,금색명찰,< 10,< 10,0.0,0.0,0.0,0.0,0,낮음
351,아크릴다보현판,20,< 10,1.4,0.7,5.43,25.0,5,중간
352,아크릴다보액자,90,40,3.2,2.7,3.53,7.41,15,높음
353,명판디자인,30,10,0.1,0.3,0.48,2.5,15,높음
354,인쇄동판,110,100,0.9,2.0,0.86,2.13,15,높음
355,명찰디자인,210,80,2.0,2.7,1.01,3.51,15,높음
356,인천현판,< 10,< 10,0.3,0.0,4.45,0.0,15,높음
357,조각명판,30,< 10,0.3,0.0,1.13,0.0,14,높음
358,부서현판,20,< 10,0.9,0.3,3.1,4.77,15,높음
359,인증명판,< 10,< 10,0.0,0.0,0.0,0.0,3,높음
360,은색명찰,< 10,20,0.2,2.7,3.23,14.82,13,중간
361,명찰가격,10,30,0.4,1.0,3.08,3.04,15,높음
362,명판제작업체,10,< 10,0.7,0.0,4.46,0.0,13,중간
363,현판설치,10,10,0.0,0.0,0.0,0.0,3,높음
364,현판제작비용,< 10,< 10,0.0,0.0,0.0,0.0,15,높음
365,네임텍제작,60,100,1.5,7.0,2.26,7.08,15,높음
366,철판부식,20,30,0.0,1.0,0.0,3.04,7,중간
367,종합안내판,100,10,2.9,0.0,2.96,0.0,15,높음
368,회사안내표지판,< 10,< 10,1.0,0.0,14.29,0.0,3,높음
369,층수안내,< 10,< 10,0.0,0.3,0.0,6.67,3,높음
370,안내푯말,40,10,0.0,0.7,0.0,3.93,3,높음
371,건물안내,10,< 10,0.5,0.0,3.04,0.0,6,중간
372,사무실안내표지,< 10,< 10,0.0,0.3,0.0,5.56,3,높음
373,빌딩안내,10,< 10,0.3,0.0,2.81,0.0,15,높음
374,사각안내판,10,< 10,0.2,0.0,1.53,0.0,13,중간
375,인포메이션표찰,10,< 10,0.7,1.0,6.67,13.05,8,중간
376,스탠드명패,10,< 10,0.0,0.4,0.0,5.89,3,높음
377,기관장명패,< 10,< 10,0.0,0.0,0.0,0.0,15,높음
378,병원명패,10,10,0.4,1.3,2.36,9.53,15,높음
379,회사개업선물,40,200,0.5,3.7,1.0,2.02,15,높음
380,대표이사실문패,10,< 10,1.3,0.0,14.82,0.0,3,높음
381,회사오픈선물,< 10,20,0.0,0.3,0.0,1.52,15,높음
382,회사이전선물,50,90,1.0,2.3,1.93,2.78,15,높음
383,회장님명패,10,20,0.7,0.0,4.59,0.0,15,높음
384,회장님선물,20,30,0.2,0.0,0.8,0.0,15,높음
385,회장명판,< 10,< 10,0.3,0.0,6.67,0.0,3,높음
386,회장명패,20,20,0.9,2.7,4.57,14.82,15,높음
387,회장실,20,30,0.0,0.0,0.0,0.0,14,높음
388,직원명패,30,10,0.3,0.8,0.91,6.25,15,높음
389,진급축하선물,10,60,0.1,0.0,0.61,0.0,15,높음
390,창업선물,150,720,0.9,7.0,0.7,1.01,15,높음
391,치과개업선물,10,40,0.0,0.0,0.0,0.0,15,높음
392,특별한개업선물,10,100,0.2,0.0,1.34,0.0,15,높음
393,특이한개업선물,10,60,0.5,0.3,3.81,0.63,15,높음
394,어린이집개원선물,10,80,0.0,0.3,0.0,0.42,15,높음
395,오픈기념선물,40,220,0.3,4.3,0.66,2.09,15,높음
396,오픈식선물,< 10,70,0.0,1.7,0.0,2.35,15,높음
397,의사명패,< 10,20,0.3,0.3,6.67,1.67,15,높음
398,이름명패,40,40,0.3,1.7,0.86,4.17,15,높음
399,인천명패,< 10,10,0.1,2.3,13.34,14.59,15,높음
400,임원명패,10,< 10,0.1,1.0,0.89,14.29,15,높음
401,임원실표찰,< 10,< 10,1.0,0.0,16.67,0.0,3,높음
402,사무실오픈선물,70,320,0.5,6.7,0.81,2.16,15,높음
403,사장님명판,10,20,0.1,0.3,1.2,1.59,14,높음
404,사장님명패,20,40,0.3,0.0,1.29,0.0,15,높음
405,사장명판,10,20,0.2,1.3,1.26,5.8,14,높음
406,사장명패,40,70,0.5,2.5,1.53,3.97,15,높음
407,사장실문패,< 10,< 10,0.7,0.0,13.34,0.0,3,높음
408,삼각아크릴명패,20,< 10,0.0,0.3,0.0,6.67,3,높음
409,세무사명패,10,30,0.1,0.0,1.49,0.0,15,높음
410,심사위원명패,20,10,0.0,0.3,0.0,3.71,3,높음
411,대표이사실표지판,< 10,< 10,0.0,0.0,0.0,0.0,3,높음
412,데스크명패,< 10,< 10,1.0,0.7,12.5,11.12,3,높음
413,명패도장,20,10,0.0,0.0,0.0,0.0,3,높음
414,명패선물,10,20,0.2,0.7,1.43,3.18,15,높음
415,명패주문제작,10,20,0.3,3.3,1.57,17.55,15,높음
416,변호사개업선물,10,40,0.1,1.3,0.45,2.84,15,높음
417,변호사명패,20,40,0.4,3.3,1.54,9.53,15,높음
418,부동산개업선물,150,700,1.2,11.7,0.82,1.72,15,높음
419,사무실명패제작,< 10,< 10,0.0,0.3,0.0,16.67,0,낮음
420,사무실선물,290,1140,0.9,7.0,0.32,0.67,15,높음
421,CEO명패,10,20,0.7,0.8,4.17,2.5,15,높음
422,개업집선물,20,230,0.4,0.7,2.23,0.29,15,높음
423,고급명패,30,30,1.6,4.0,4.71,12.91,15,높음
424,대표명판,20,30,0.6,0.3,2.63,0.77,10,중간
425,대표명패,30,80,0.9,6.7,3.34,8.55,15,높음
426,대표실명판,< 10,< 10,0.3,0.4,3.71,8.34,3,높음
427,회사방문선물,10,30,0.4,0.0,2.67,0.0,15,높음
428,실명패,30,20,0.9,0.7,2.89,2.78,15,높음
429,아크릴명패제작,20,10,0.2,0.0,1.12,0.0,15,높음
430,커플액자,110,510,1.8,17.3,1.79,3.81,15,높음
431,사장실,180,200,0.5,0.3,0.27,0.14,15,높음
432,사무실스카시,< 10,< 10,0.0,0.0,0.0,0.0,0,낮음
433,아크릴돌출표찰,10,< 10,0.7,0.0,4.45,0.0,3,높음
434,차량요일제스티커,< 10,10,0.0,0.0,0.0,0.0,3,높음
435,흑경가격,< 10,10,0.0,0.0,0.0,0.0,3,높음
436,쇼케이스단면,20,20,0.0,0.0,0.0,0.0,3,높음
437,의료기관인증서,20,20,0.0,0.0,0.0,0.0,2,중간
438,부식표찰,< 10,< 10,0.3,0.0,3.58,0.0,12,중간
439,연구개발전담부서간판,< 10,< 10,0.3,0.0,6.67,0.0,3,높음
440,스텐메뉴판,20,70,0.0,0.0,0.0,0.0,3,높음
441,아크릴판넬제작,20,10,1.4,0.7,5.33,3.34,15,높음
442,아크릴삼각명패,30,10,0.2,0.3,0.6,3.34,15,높음
443,화성명판,30,10,0.0,0.0,0.0,0.0,3,높음
444,부서표찰,100,40,3.3,0.8,3.55,2.03,15,높음
445,호수명패,10,40,0.0,1.0,0.0,2.18,3,높음
446,돌명패,10,10,0.7,0.0,6.67,0.0,3,높음
447,간판아크릴,30,60,0.5,1.3,1.78,1.99,15,높음
448,광진구랩핑,< 10,10,0.0,0.0,0.0,0.0,3,높음
449,금천구랩핑,< 10,20,0.7,0.3,33.34,1.82,3,높음
450,금천구썬팅,40,70,0.7,0.3,1.76,0.63,8,중간
451,당구장천갈이,< 10,10,0.7,1.1,18.19,11.12,3,높음
452,래핑시공,10,10,0.0,0.0,0.0,0.0,3,높음
453,랩핑제작,< 10,< 10,0.0,1.8,0.0,44.45,2,중간
454,마트썬팅,< 10,< 10,0.0,0.0,0.0,0.0,3,높음
455,마포썬팅,40,80,0.1,0.3,0.37,0.44,15,높음
456,백화점와이드칼라,< 10,< 10,2.0,0.0,40.0,0.0,1,중간
457,병원이미지월,10,< 10,0.0,0.0,0.0,0.0,3,높음
458,사무실랩핑,< 10,< 10,0.3,0.3,4.17,3.71,3,높음
459,사무실안개시트,< 10,10,1.0,0.0,12.5,0.0,3,높음
460,사무실유리시트,< 10,10,0.3,0.4,4.77,3.23,3,높음
461,상가랩핑,< 10,10,0.0,0.0,0.0,0.0,3,높음
462,상가썬팅,40,120,0.4,5.7,0.98,4.73,15,높음
463,상가유리시트,< 10,10,1.0,1.0,25.0,6.67,1,중간
464,서울시청현수막,10,30,0.0,0.0,0.0,0.0,3,높음
465,성동구랩핑,< 10,< 10,0.8,0.0,13.64,0.0,4,낮음
466,성북구랩핑,< 10,< 10,0.0,1.2,0.0,23.08,0,낮음
467,시트컷팅제작,< 10,< 10,0.3,0.7,8.34,9.53,3,높음
468,아크릴가공제작,10,10,0.6,0.0,4.0,0.0,11,중간
469,양천구썬팅,60,60,0.7,0.0,1.12,0.0,15,높음
470,음식점썬팅,< 10,20,0.0,0.3,0.0,1.45,3,높음
471,전시부스시공,< 10,< 10,0.2,0.0,2.5,0.0,15,높음
472,카페유리썬팅,< 10,10,0.7,1.0,8.34,6.67,3,높음
473,코엑스전시부스,< 10,< 10,0.7,0.0,13.34,0.0,15,높음
474,유리시트시공,10,10,1.0,1.3,7.62,7.02,8,중간
475,시트컷팅시공,< 10,10,1.1,0.0,21.43,0.0,3,높음
476,회의실안내,30,< 10,0.0,0.0,0.0,0.0,3,높음
477,회사알림판,< 10,< 10,0.0,0.0,0.0,0.0,3,높음
478,목양실,80,150,0.0,0.0,0.0,0.0,3,높음
479,회의실표시,< 10,< 10,0.3,0.3,4.17,16.67,3,높음
480,회의실표지,10,< 10,0.0,0.0,0.0,0.0,3,높음
481,스탠간판,20,10,0.2,0.0,1.12,0.0,15,높음
482,대표이사실표찰,< 10,< 10,0.1,0.0,2.18,0.0,12,중간
483,샤워실표찰,< 10,< 10,0.0,0.0,0.0,0.0,3,높음
484,스텐부식간판,50,10,1.9,0.0,4.22,0.0,15,높음
485,LED간판렌탈,< 10,< 10,0.9,0.0,28.58,0.0,2,중간
486,LED시소,< 10,< 10,0.3,0.4,16.67,11.12,3,높음
487,홈쇼핑로고,20,< 10,0.4,0.0,1.89,0.0,3,높음
488,아크릴스카시도장,10,< 10,1.0,0.0,8.34,0.0,3,높음
489,아크릴글씨제작,10,30,0.6,2.0,5.32,8.34,8,중간
490,스텐가구제작,< 10,10,0.3,1.0,8.34,6.67,3,높음
491,안내표시,70,40,0.1,0.0,0.11,0.0,15,높음
492,예쁜명판,< 10,< 10,0.0,0.0,0.0,0.0,3,높음
493,철제문패,< 10,30,0.3,1.3,6.67,3.93,3,높음
494,명판시안,< 10,< 10,0.0,0.0,0.0,0.0,3,높음
495,미용실현판,< 10,10,0.4,0.7,5.89,7.41,3,높음
496,나무명판제작,< 10,< 10,0.7,0.0,17.4,0.0,6,중간
497,소형명패,< 10,< 10,0.0,0.7,0.0,10.0,3,높음
498,법무사명패,< 10,20,0.1,0.7,0.85,3.71,15,높음
499,회의실안내판,30,< 10,0.4,0.0,1.13,0.0,15,높음
500,기업부설연구소간판,20,< 10,0.3,0.0,1.43,0.0,15,높음
501,아파트LED전광판,< 10,< 10,0.0,0.3,0.0,11.12,3,높음
502,호마이카명패,< 10,< 10,0.0,0.3,0.0,33.34,3,높음
503,명판사이즈,20,10,1.8,0.0,11.12,0.0,1,중간
504,전담부서현판,< 10,< 10,0.0,0.0,0.0,0.0,1,중간
505,벤처기업인증패,< 10,< 10,0.0,0.0,0.0,0.0,3,높음
506,직급명패,10,10,0.0,1.0,0.0,9.1,12,중간
507,자개명판,20,20,1.1,1.1,4.63,4.71,7,중간
508,약국썬팅,< 10,10,0.3,0.0,4.77,0.0,3,높음
509,초등학교썬팅,< 10,< 10,0.0,0.0,0.0,0.0,0,낮음
510,철제명판,< 10,< 10,0.5,0.5,6.25,7.15,2,중간
511,회의실표찰,20,< 10,0.3,0.0,1.05,0.0,15,높음
512,명판종류,< 10,< 10,0.4,0.0,5.89,0.0,3,높음
513,레이저컷팅가격,< 10,20,0.2,0.0,2.86,0.0,15,높음
514,영종도명함,10,20,0.5,0.0,3.39,0.0,4,낮음
515,회의실표지판,40,10,0.5,0.0,1.3,0.0,15,높음
516,스텐레스부식,10,20,0.0,0.7,0.0,3.34,3,높음
517,스테인레스부식,70,100,0.1,0.0,0.13,0.0,11,중간
518,이노비즈인증패,20,< 10,0.3,0.0,1.7,0.0,3,높음
519,아크릴원판가격,< 10,10,0.4,1.7,5.41,16.67,11,중간
520,주차장LED전광판,< 10,< 10,0.0,0.4,0.0,7.15,3,높음
521,안내판만들기,20,20,0.3,0.0,1.24,0.0,3,높음
522,안내입간판,30,30,0.7,0.0,2.39,0.0,15,높음
523,벽안내판,< 10,10,0.0,0.0,0.0,0.0,3,높음
524,벽면표찰,< 10,< 10,0.0,0.0,0.0,0.0,3,높음
525,금지표지판,230,310,0.3,0.0,0.13,0.0,15,높음
526,휴게실안내판,< 10,< 10,0.0,0.0,0.0,0.0,3,높음
527,감전주의,300,80,0.7,0.3,0.28,0.42,7,중간
528,게시판주문제작,20,10,1.5,0.0,6.99,0.0,15,높음
529,직원외출입금지,100,90,0.3,0.0,0.28,0.0,15,높음
530,주차장입간판,50,50,0.4,1.3,0.87,2.9,15,높음
531,주정차금지표시,20,70,0.0,0.0,0.0,0.0,3,높음
532,외부인주차금지,50,100,0.3,1.0,0.58,1.0,14,높음
533,소형입간판,20,30,1.6,0.3,5.65,1.2,9,중간
534,병원실내사인,< 10,< 10,0.2,0.0,2.05,0.0,6,중간
535,은평구랩핑,10,10,0.9,0.0,5.99,0.0,8,중간
536,야외입간판,20,50,0.7,0.0,3.71,0.0,3,높음
537,포맥스현판제작,10,< 10,1.7,0.0,11.63,0.0,3,높음
538,스테인리스명판,10,< 10,1.3,0.0,13.34,0.0,3,높음
539,스테인리스안내판,< 10,< 10,0.0,1.0,0.0,25.0,3,높음
540,스테인리스현판,10,< 10,0.0,0.0,0.0,0.0,3,높음
541,스테인리스간판,20,20,0.1,0.0,0.3,0.0,14,높음
542,스테인레스인쇄,20,10,0.9,0.3,4.24,2.57,11,중간
543,입체문자제작,< 10,< 10,2.0,0.0,40.0,0.0,3,높음
544,사무실배너,< 10,< 10,0.3,1.0,5.56,25.0,3,높음
545,코엑스현수막,< 10,< 10,1.7,0.0,33.34,0.0,3,높음
546,명패이미지,10,< 10,1.3,0.0,12.13,0.0,3,높음
547,원목명판,< 10,10,0.3,0.0,6.67,0.0,3,높음
548,음악학원썬팅,10,50,0.0,0.0,0.0,0.0,3,높음
549,실내썬팅,< 10,20,0.0,0.7,0.0,3.51,3,높음
550,알루미늄명판인쇄,< 10,< 10,1.0,0.0,11.12,0.0,3,높음
551,기업입간판,< 10,< 10,0.0,0.0,0.0,0.0,3,높음
552,감사명패,< 10,10,0.0,0.7,0.0,7.41,11,중간
553,휴게실표찰,< 10,< 10,0.0,0.0,0.0,0.0,3,높음
554,LED판넬제작,< 10,< 10,0.0,0.3,0.0,33.34,3,높음
555,명판주문제작,< 10,< 10,0.1,0.3,1.34,8.34,13,중간
556,각종표지판,< 10,10,0.3,0.3,3.81,2.57,15,높음
557,안내판설치,10,< 10,0.3,0.0,2.39,0.0,15,높음
558,해썹간판,< 10,< 10,0.4,0.0,20.0,0.0,3,높음
559,쇼카드제작,20,20,1.7,1.0,7.7,5.18,4,낮음
560,학급패찰,< 10,< 10,0.0,0.0,0.0,0.0,3,높음
561,입체표찰,< 10,< 10,0.3,0.0,11.12,0.0,3,높음
562,ISO인증현판,< 10,< 10,0.0,0.0,0.0,0.0,3,높음
563,ISO현판,< 10,< 10,1.0,0.0,25.0,0.0,3,높음
564,해썹현판,< 10,< 10,0.0,0.0,0.0,0.0,3,높음
565,명판업체,< 10,< 10,0.3,0.0,4.77,0.0,3,높음
566,아파트표찰,10,< 10,0.3,0.0,3.43,0.0,15,높음
567,강동구썬팅,60,190,0.4,0.3,0.77,0.2,15,높음
568,표지판주문제작,20,30,1.7,2.0,9.1,4.77,13,중간
569,문자조형물,20,< 10,0.2,0.0,0.8,0.0,6,중간
570,고급명판,< 10,< 10,0.3,0.0,5.56,0.0,3,높음
571,스탠부식,10,< 10,0.1,0.3,0.72,4.17,13,중간
572,골드메뉴판,50,190,0.5,1.8,0.81,0.99,11,중간
573,복도표찰,< 10,< 10,0.7,0.0,9.38,0.0,5,중간
574,기업부설연구소명패,< 10,< 10,0.3,0.0,5.56,0.0,3,높음
575,기업부설연구소명판,20,< 10,0.0,0.0,0.0,0.0,3,높음
576,안개시트시공,< 10,10,0.6,0.0,7.32,0.0,5,중간
577,알루미늄현판,30,< 10,2.1,0.3,6.54,2.28,11,중간
578,하얀나무현판,10,< 10,0.0,0.0,0.0,0.0,3,높음
579,갤러리현수막,< 10,< 10,0.0,1.3,0.0,19.05,8,중간
580,엠보컷팅,< 10,10,0.3,1.6,3.71,9.38,3,높음
581,알루미늄안내판,20,10,0.5,1.7,2.45,10.42,14,높음
582,강서구랩핑,30,70,1.0,3.7,3.32,5.24,12,중간
583,스텐안내판,40,10,1.0,0.0,2.59,0.0,15,높음
584,HACCP간판,< 10,< 10,0.0,0.0,0.0,0.0,3,높음
585,돌현판,< 10,< 10,0.0,0.0,0.0,0.0,1,중간
586,SIGNPOD,10,10,1.3,0.0,11.77,0.0,2,중간
587,신문기사동판,10,< 10,0.3,0.0,3.71,0.0,3,높음
588,인증판,< 10,< 10,0.0,0.0,0.0,0.0,3,높음
589,직함명패,< 10,< 10,1.0,0.3,16.67,11.12,3,높음
590,23애드,10,< 10,0.8,0.0,5.89,0.0,1,중간
591,대리석명패,10,10,0.8,0.0,4.17,0.0,13,중간
592,벤처기업현판,20,< 10,0.4,0.0,2.44,0.0,10,중간
593,진료실표찰,10,< 10,0.7,0.0,5.56,0.0,3,높음
594,엘리베이터안내문,60,30,0.3,0.3,0.54,1.05,9,중간
595,기념동판제작,10,< 10,1.3,0.0,9.53,0.0,3,높음
596,고급간판,10,40,0.2,0.0,1.67,0.0,15,높음
597,사진인테리어,150,760,0.3,7.7,0.24,1.03,15,높음
598,소녀상제작,< 10,< 10,0.0,0.0,0.0,0.0,3,높음
599,사진업체,20,30,0.2,0.3,0.96,0.96,15,높음
600,엘리베이터제작,30,20,2.0,0.3,5.91,1.59,13,중간
601,명화제작,< 10,10,0.3,1.3,5.56,7.41,15,높음
602,기념비석,20,10,1.2,0.3,4.8,4.17,7,중간
603,엘리베이터인테리어,80,90,3.7,5.3,4.79,6.67,15,높음
604,주차안내표지판,50,30,0.9,1.7,1.84,4.39,15,높음
605,주차금지안내문,110,70,0.6,0.0,0.53,0.0,15,높음
606,외부인출입금지표지판,10,20,0.2,0.5,0.96,2.18,12,중간
607,현판스티커,20,10,6.7,0.0,25.93,0.0,2,중간
608,퇴직명패,60,140,0.0,0.0,0.0,0.0,3,높음
609,문패주문제작,< 10,10,0.2,1.0,5.27,6.25,5,중간
610,아크릴도어사인,20,30,0.2,0.0,1.29,0.0,14,높음
611,인증명패,< 10,< 10,2.0,0.0,66.67,0.0,1,중간
612,현판시공,10,< 10,0.3,0.0,2.57,0.0,3,높음
613,가격칩,10,20,0.0,2.0,0.0,7.7,3,높음
614,원목소품,210,920,4.3,38.0,2.14,4.59,15,높음
615,이름패,20,50,0.5,1.3,2.07,2.9,4,낮음
616,매대가격표,20,40,0.4,0.3,3.07,0.68,7,중간
617,감성문구,660,1980,0.0,0.7,0.0,0.04,3,높음
618,나무가격표,10,10,1.0,0.7,9.1,4.17,3,높음
619,대표자명패,< 10,< 10,0.3,0.0,5.0,0.0,3,높음
620,크리스탈명판,< 10,< 10,0.1,1.0,1.3,12.5,11,중간
621,포맥스팻말,10,< 10,0.0,0.0,0.0,0.0,3,높음
622,천정걸이표지판,10,10,0.7,0.7,5.56,9.53,3,높음
623,등산로표지판,10,10,2.2,0.0,14.67,0.0,5,중간
624,간판도안,50,70,0.1,6.0,0.17,8.96,13,중간
625,공무원명패,< 10,10,0.0,0.0,0.0,0.0,3,높음
626,경찰명패,< 10,10,0.3,0.7,4.17,4.45,3,높음
627,교체형명패,10,< 10,0.7,0.0,5.56,0.0,3,높음
628,사진명패,10,10,0.0,0.0,0.0,0.0,15,높음
629,명패케이스,60,40,0.1,0.7,0.27,1.71,14,높음
630,회사이미지월,10,10,1.7,0.0,10.88,0.0,15,높음
631,래핑업체,10,10,0.3,1.7,1.93,16.67,15,높음
632,학교장명패,< 10,< 10,0.0,0.0,0.0,0.0,0,낮음
633,회의명패,180,50,0.0,0.0,0.0,0.0,15,높음
634,안내현판,< 10,< 10,0.0,0.7,0.0,33.34,3,높음
635,표지판설치,30,10,0.1,0.0,0.21,0.0,15,높음
636,LED전광판시공,10,< 10,0.1,0.0,0.63,0.0,15,높음
637,아노다이징안내판,20,< 10,1.5,0.4,9.68,11.12,2,중간
638,플라스틱명패,120,60,0.1,0.3,0.07,0.51,15,높음
639,홍대실사출력,20,< 10,0.7,0.7,4.23,9.53,9,중간
640,HACCP인증마크,130,40,0.2,0.0,0.19,0.0,14,높음
641,기념비제작,30,10,2.0,0.3,6.65,2.09,10,중간
642,목재명패,< 10,< 10,0.3,0.0,6.67,0.0,15,높음
643,교실명패,20,10,0.4,0.0,1.43,0.0,13,중간
644,벤처현판,< 10,< 10,0.0,0.0,0.0,0.0,3,높음
645,연구소명패,< 10,< 10,0.0,0.0,0.0,0.0,3,높음
646,기업연구소현판,10,< 10,0.6,0.0,5.56,0.0,2,중간
647,금속현판제작,< 10,20,0.2,0.9,3.85,4.45,5,중간
648,투명아크릴명패,150,160,0.6,0.8,0.45,0.55,15,높음
649,철제스카시,50,170,2.3,1.6,4.35,1.01,3,낮음
650,간판을연구하는사람들,10,20,0.8,0.0,7.15,0.0,1,중간
651,지하철와이드칼라,20,10,0.4,0.0,2.0,0.0,13,중간
652,인쇄명판,10,< 10,0.0,0.0,0.0,0.0,3,높음
653,현판업체,< 10,< 10,0.4,0.0,4.43,0.0,14,높음
654,알루미늄표찰,40,40,0.7,0.7,1.83,1.52,15,높음
655,호실표시,10,20,0.2,0.3,1.58,1.67,15,높음
656,약국현수막,10,< 10,0.1,0.0,0.67,0.0,15,높음
657,알미늄명패,< 10,< 10,0.1,0.0,1.67,0.0,15,높음
658,캠핑문패,790,4270,1.7,48.7,0.24,1.23,15,높음
659,아파트안내표지판,10,< 10,0.9,0.0,6.55,0.0,8,중간
660,이쁜명패,< 10,< 10,0.2,0.0,10.0,0.0,15,높음
661,HACCP현판,< 10,< 10,0.0,0.0,0.0,0.0,3,높음
662,실크인쇄전문,< 10,< 10,0.0,0.0,0.0,0.0,0,낮음
663,네일샵현수막,10,100,0.1,1.5,1.12,1.48,15,높음
664,스텐레스현판,20,< 10,1.4,0.3,6.83,11.12,12,중간
665,대구아크릴명판,< 10,< 10,0.3,0.0,8.34,0.0,3,높음
666,호두나무명패,< 10,10,0.5,0.0,5.43,0.0,14,높음
667,대구명판제작,10,< 10,1.7,0.3,12.83,8.34,3,높음
668,아파트전광판,10,10,0.3,0.0,3.34,0.0,3,높음
669,아크릴안내판제작,40,50,2.2,0.7,5.16,1.63,14,높음
670,대구명판,30,20,0.6,0.0,1.69,0.0,7,중간
671,아파트열쇠고리,10,10,0.3,0.0,1.91,0.0,15,높음
672,사무실실내간판,10,10,0.6,0.3,4.0,2.78,15,높음
673,사진제작,60,220,0.8,13.7,1.32,6.45,15,높음
674,실내안내판,20,10,0.9,0.0,3.53,0.0,14,높음
675,대구알루미늄명판,< 10,< 10,0.5,0.0,25.0,0.0,2,중간
676,블랙크리스탈명패,10,< 10,1.2,0.0,7.06,0.0,15,높음
677,오픈입간판,< 10,50,0.0,0.3,0.0,0.65,3,높음
678,기업명패,10,< 10,0.0,0.0,0.0,0.0,15,높음
679,우드스카시,30,20,0.9,0.0,2.76,0.0,11,중간
680,가게썬팅,10,70,0.4,0.0,4.14,0.0,15,높음
681,PC판가격,10,< 10,1.5,0.0,13.34,0.0,14,높음
682,나무명패제작,10,10,0.1,0.0,0.48,0.0,15,높음
683,벤처기업인증현판,10,< 10,1.0,0.0,10.0,0.0,3,높음
684,복도돌출간판,< 10,< 10,0.0,0.0,0.0,0.0,1,중간
685,향나무명패,10,< 10,0.3,0.3,2.8,3.13,15,높음
686,랩핑시공,20,30,0.1,0.0,0.35,0.0,15,높음
687,행거POP,20,10,0.3,0.0,1.25,0.0,10,중간
688,탁상용POP,20,10,1.4,0.7,5.58,4.17,9,중간
689,서울아크릴판,< 10,< 10,1.2,0.4,16.67,20.0,3,높음
690,대구명패제작,< 10,< 10,0.5,0.7,10.67,16.67,15,높음
691,심플간판,20,140,0.4,1.0,1.85,0.74,13,중간
692,로고명패,< 10,< 10,0.0,1.3,0.0,33.34,3,높음
693,안내명패,< 10,< 10,0.4,0.0,4.21,0.0,13,중간
694,부서사인,< 10,< 10,0.0,0.0,0.0,0.0,2,중간
695,스텐명판제작,10,< 10,1.0,0.0,8.24,0.0,14,높음
696,유리시트제작,< 10,10,0.6,0.0,7.7,0.0,5,중간
697,실내간판디자인,< 10,10,0.2,0.3,2.61,3.71,14,높음
698,회사내부간판,< 10,< 10,0.0,0.0,0.0,0.0,3,높음
699,신주문자,< 10,< 10,0.3,0.0,4.35,0.0,7,중간
700,투명아크릴명판,10,10,0.3,0.0,1.78,0.0,12,중간
701,사무실도어사인,10,10,0.7,0.3,6.25,1.86,13,중간
702,김해명판,10,< 10,0.2,0.0,1.79,0.0,5,중간
703,부산실크스크린인쇄,< 10,< 10,0.3,0.0,8.34,0.0,3,높음
704,양산명판,< 10,< 10,0.0,0.0,0.0,0.0,3,높음
705,국회의원명패,< 10,< 10,0.0,0.7,0.0,11.12,14,높음
706,포맥스간판제작,10,< 10,1.4,0.7,9.1,9.53,9,중간
707,아크릴네임택,330,450,3.3,8.0,1.08,1.95,15,높음
708,창문글씨,10,50,0.5,1.8,3.27,3.08,6,중간
709,세무회계법인,70,110,0.2,0.3,0.31,0.3,15,높음
710,명패서식,70,< 10,0.0,0.0,0.0,0.0,3,높음
711,명패종류,10,< 10,0.5,0.0,5.34,0.0,8,중간
712,금속안내판,20,10,1.3,0.7,7.15,3.18,11,중간
713,강서구실사출력,10,< 10,0.3,0.0,2.54,0.0,14,높음
714,건물입간판,10,< 10,0.6,0.0,4.31,0.0,14,높음
715,작은명패,< 10,< 10,0.7,1.3,8.7,16.67,3,높음
716,표시판제작,10,10,0.3,1.0,3.41,8.34,15,높음
717,학교간판,60,60,1.4,2.0,2.42,3.64,15,높음
718,부동산썬팅,110,120,2.8,1.4,2.69,1.13,8,중간
719,VMD업체,20,< 10,0.8,0.0,3.08,0.0,15,높음
720,건물머릿돌,20,70,1.4,0.0,5.27,0.0,3,높음
721,메탈스카시,10,20,1.3,0.0,10.94,0.0,5,중간
722,크리스탈명패제작,< 10,< 10,0.1,1.3,6.67,33.34,15,높음
723,명패나무,< 10,< 10,0.0,0.3,0.0,16.67,3,높음
724,테이블데코,50,190,0.1,0.0,0.25,0.0,15,높음
725,테이블장식,50,330,0.3,0.3,0.53,0.1,15,높음
726,디스플레이POP,< 10,< 10,0.0,0.0,0.0,0.0,15,높음
727,교수명패,< 10,< 10,0.0,0.0,0.0,0.0,15,높음
728,학교패찰,< 10,< 10,0.0,0.0,0.0,0.0,3,높음
729,백색아크릴판,20,10,1.1,1.0,5.25,7.9,13,중간
730,상담실표찰,10,< 10,0.0,0.0,0.0,0.0,12,중간
731,이쁜명찰,10,20,0.0,1.0,0.0,4.77,15,높음
732,은행명패,< 10,10,0.3,0.0,6.67,0.0,3,높음
733,PVC실사출력,10,10,0.6,0.8,4.06,5.0,15,높음
734,천장형표찰,20,< 10,1.7,0.0,8.26,0.0,15,높음
735,천정걸이,110,110,1.5,4.0,1.43,3.58,15,높음
736,사랑의열매현판,< 10,< 10,0.0,0.0,0.0,0.0,1,중간
737,서스현판,< 10,< 10,1.0,0.0,50.0,0.0,1,중간
738,건물이름간판,10,10,0.6,0.0,6.67,0.0,3,낮음
739,자석명찰제작,10,20,1.5,0.0,10.96,0.0,15,높음
740,네임텍인쇄,< 10,10,0.3,0.3,3.81,1.86,15,높음
741,부서명판,100,20,3.4,0.7,3.58,2.39,15,높음
742,대구명패,10,20,0.6,3.9,6.0,15.74,15,높음
743,금속표찰,30,10,0.9,1.3,4.13,7.85,15,높음
744,사무실입간판,50,20,1.7,1.5,3.09,7.9,15,높음
745,부모님명패,< 10,< 10,0.0,0.0,0.0,0.0,3,높음
746,3D피규어,310,700,3.9,34.9,1.37,5.39,15,높음
747,수학학원배너,10,30,0.1,0.5,0.69,1.57,15,높음
748,의장명패,< 10,< 10,1.7,0.0,20.84,0.0,3,높음
749,아크릴열쇠고리,170,250,3.1,8.0,1.94,3.45,15,높음
750,주차금지판,150,250,2.2,7.3,1.53,3.13,15,높음
751,백화점배너,10,< 10,0.2,0.7,2.23,11.12,15,높음
752,내부현판,< 10,< 10,0.4,0.0,7.7,0.0,3,높음
753,철제사인,< 10,< 10,0.0,0.0,0.0,0.0,3,높음
754,방문문패,20,150,0.0,0.3,0.0,0.19,15,높음
755,건물명판,30,50,0.3,0.3,0.96,0.59,4,낮음
756,아크릴미니간판,20,80,0.1,0.3,0.59,0.42,14,높음
757,유아이름표,70,130,0.4,0.3,0.53,0.3,15,높음
758,옷가게배너,10,30,0.1,0.5,1.05,1.79,15,높음
759,포맥스표지판,70,20,1.9,0.3,2.43,1.67,15,높음
760,유리명패,10,20,0.2,0.5,1.34,2.39,15,높음
761,공로패가격,< 10,< 10,0.2,0.0,5.0,0.0,15,높음
762,위클래스간판,< 10,< 10,0.0,0.7,0.0,13.34,2,중간
763,가산동아크릴,< 10,< 10,1.0,0.0,12.68,0.0,9,중간
764,사인시공,< 10,< 10,0.5,0.0,6.35,0.0,8,중간
765,나전칠기명패,10,50,0.4,0.5,3.23,1.62,2,중간
766,교실안내판,10,10,1.1,0.0,8.7,0.0,4,낮음
767,고급입간판,< 10,10,0.0,0.7,0.0,13.34,3,높음
768,레이저에칭,40,10,0.0,0.3,0.0,1.93,11,중간
769,화장실사인물,50,10,1.3,0.0,2.67,0.0,14,높음
770,포맥스사인,10,< 10,0.4,0.0,2.27,0.0,13,중간
771,출입문현판,< 10,< 10,1.0,0.0,14.29,0.0,3,높음
772,복지관현판,< 10,< 10,0.3,0.0,8.34,0.0,3,높음
773,홍대현수막,30,30,0.8,0.7,2.68,2.23,15,높음
774,사진동판,10,20,0.9,3.3,7.43,15.88,15,높음
775,휴진안내문,160,70,2.2,0.0,1.46,0.0,4,낮음
776,애완견표지판,< 10,< 10,2.0,0.0,22.23,0.0,3,높음
777,탈의실표지판,20,60,0.2,0.0,0.75,0.0,14,높음
778,CCTV경고판,< 10,20,0.0,2.3,0.0,11.12,3,높음
779,기저귀교환대표지판,< 10,10,0.0,0.0,0.0,0.0,2,중간
780,수유실표지판,< 10,< 10,0.0,0.0,0.0,0.0,3,높음
781,도로안내판,50,20,0.9,0.7,1.89,2.47,14,높음
782,아크릴소형간판,< 10,< 10,0.6,0.4,20.0,5.27,2,중간
783,인포간판,10,10,0.0,1.0,0.0,12.5,3,높음
784,디자인안내판,10,< 10,1.1,0.0,6.82,0.0,14,높음
785,공공기관현판,< 10,< 10,1.2,0.0,20.0,0.0,3,높음
786,철물제작,100,120,4.7,7.7,4.92,6.67,15,높음
787,이쁜문패,< 10,30,0.0,2.0,0.0,6.46,3,높음
788,다보간판,20,20,0.5,0.3,2.11,1.24,14,높음
789,부서명,660,580,1.4,0.0,0.24,0.0,13,중간
790,사무실표시판,< 10,< 10,0.0,0.0,0.0,0.0,0,낮음
791,티타늄잔넬,10,< 10,0.9,0.0,8.11,0.0,7,중간
792,수목명패,30,20,2.6,0.7,7.07,3.18,15,높음
793,휀스간판,< 10,< 10,1.0,0.0,25.0,0.0,3,높음
794,현판시안,10,< 10,0.8,0.0,6.9,0.0,5,중간
795,인테리어사인,20,10,0.3,0.0,1.76,0.0,3,높음
796,카페간판,790,2430,13.2,78.5,1.89,3.46,15,높음
797,투명아크릴현판,< 10,10,1.3,0.0,16.67,0.0,3,높음
798,디자인간판제작,< 10,< 10,0.0,0.0,0.0,0.0,12,중간
799,투명아크릴간판,50,70,1.3,0.3,2.36,0.43,15,높음
800,부서표시판,10,< 10,0.1,0.7,1.34,33.34,15,높음
801,멤브레인명판,10,< 10,0.0,0.0,0.0,0.0,3,높음
802,멤브레인스위치,90,40,1.9,1.3,2.11,3.11,15,높음
803,TACTSWITCH,110,40,0.7,0.0,0.68,0.0,15,높음
804,공장현수막,20,< 10,0.5,0.0,2.54,0.0,15,높음
