광고그룹 ID,네이버쇼핑 상품 ID,입찰가,노출상품명,추가홍보문구1,추가홍보문구2
d,,,,,
d,,,,,
d,,,,,
d,,,,,
광고그룹 ID,네이버쇼핑 상품 ID,입찰가,노출상품명,추가홍보문구1,추가홍보문구2
grp-a001-02-000000009335164,83393321581.0,190,도로명주소 카페메뉴판 건물번호 월세 만년도장,,
grp-a001-02-000000021854519,83393321581.0,190,중앙분리대 UV프린터 건물번호 건물 양도양수,,
grp-a001-02-000000021807519,83393321581.0,190,바닥시트지 회사명판 건물번호 상가임대 아크릴,,
grp-a001-02-000000021807501,83393321581.0,190,중앙분리대 회사명판 건물번호 작업실대여 감사패,,
grp-a001-02-000000021807488,83393321581.0,190,방문패 게시판 건물번호 상가임대 법인설립 어닝,,
grp-a001-02-000000021807497,83393321581.0,190,도로명주소판 주차금지표지판 건물번호 법무사 화,,
grp-a001-02-000000021807496,83393321581.0,190,중앙분리대 주차금지대 건물번호 지식산업센터분양,,
grp-a001-02-000000021807523,83393321581.0,190,중앙분리대 현판제작 건물번호 아파트형공장 돌,,
grp-a001-02-000000021807511,83393321581.0,190,전주간판 명패 건물번호 부동산 세무사 호 현,,
grp-a001-02-000000009335164,83390029848.0,190,한지벽지 포맥스판 흡연 비숑프리제 화선지 현,,
grp-a001-02-000000021854519,83390029848.0,190,화선지 포맥스판 흡연 미니비숑 화 게시판 아,,
grp-a001-02-000000021807519,83390029848.0,190,한지벽지 스카시 흡연 비숑분양가 화선지 꽃병,,
grp-a001-02-000000021807501,83390029848.0,190,화선지 포맥스판 흡연 귀여운강아지 한지벽지 아,,
grp-a001-02-000000021807488,83390029848.0,190,화선지 문패 흡연 프렌치불독 한지벽지 A2액자,,
grp-a001-02-000000021807497,83390029848.0,190,한지벽지 주차금지표지판 흡연 강아지종류 화선지,,
grp-a001-02-000000021807496,83390029848.0,190,한지벽지 훈장 흡연 대형견 화선지 햄스터케이지,,
grp-a001-02-000000021807523,83390029848.0,190,화선지 회사명판 흡연 귀여운강아지 화선지 문패,,
grp-a001-02-000000021807511,83390029848.0,190,한지벽지 뱃지 흡연 애완동물 화선지 현판 아,,
grp-a001-02-000000009335164,83370600616.0,190,실크인쇄 악세사리보관함 블로그 직인도장 피규어,,
grp-a001-02-000000021854519,83370600616.0,190,실내간판 알루미늄복합판넬 블로그 감사패 전기판넬,,
grp-a001-02-000000021807519,83370600616.0,190,실내간판 현판제작 블로그 어닝 실링왁스 현 문,,
grp-a001-02-000000021807501,83370600616.0,190,네온사인주문제작 표지판 블로그 어닝 거실러그,,
grp-a001-02-000000021807488,83370600616.0,190,명판 OHP필름인쇄 블로그 현판 사은품 효소,,
grp-a001-02-000000021807497,83370600616.0,190,명판 인테리어시트지 파워블로거 명판 돌 실 문,,
grp-a001-02-000000021807496,83370600616.0,190,미니간판 대형아크릴판 파워블로거 입간판 아크릴판,,
grp-a001-02-000000021807523,83370600616.0,190,회사명판 OHP필름인쇄 파워블로거 도장파는곳,,
grp-a001-02-000000021807511,83370600616.0,190,회사명판 인테리어시트지 파워블로거 게시판 미,,
grp-a001-02-000000009335164,83345600783.0,190,초고속인터넷 흑색 아크릴제작 백색 환갑축하문구,,
grp-a001-02-000000021854519,83345600783.0,190,LG인터넷 흑색 칸막이 백색 가림막파티션 l,,
grp-a001-02-000000021807519,83345600783.0,190,와이파이에그 흑색 휴대폰거치대 백색 돌출간판,,
grp-a001-02-000000021807501,83345600783.0,190,인터넷연결 흑색 간판업체 백색 캡슐보관함 간,,
grp-a001-02-000000021807488,83345600783.0,190,LTE라우터 흑색 아크릴거울 백색 가림막파티션,,
grp-a001-02-000000021807497,83345600783.0,190,LG인터넷 흑색 아크릴판 백색 캡슐보관함 호,,
grp-a001-02-000000021807496,83345600783.0,190,인터넷 흑색 아크릴칸막이 백색 아크릴 아 캠,,
grp-a001-02-000000021807523,83345600783.0,190,유플러스인터넷 흑색 화장품정리대 백색 문패 간,,
grp-a001-02-000000021807511,83345600783.0,190,VPN 흑색 아크릴간판 백색 캡슐보관함 아크릴간판,,
grp-a001-02-000000021807496,83342068400.0,190,가습기 LED등 홈카페유리컵 이쁜보조간판 아,,
grp-a001-02-000000009335164,83262249225.0,190,LED루미사인 발전기 모음 액 스 인 스 슬,,
grp-a001-02-000000021854519,83262249225.0,190,LED루미사인 미니예초기 모음 스 방 미 점,,
grp-a001-02-000000021807488,83262249225.0,190,LED루미사인 돼지머리 모음 액 의 액 자 방,,
grp-a001-02-000000021807497,83262249225.0,190,LED루미사인 자동차중고부품 모음 선 슬 도,,
grp-a001-02-000000021807496,83262249225.0,190,LED루미사인 자동차중고부품 모음 슬 미 자,,
grp-a001-02-000000021807523,83262249225.0,190,LED루미사인 자동차중고부품 모음 액 a 침,,
grp-a001-02-000000021807511,83262249225.0,190,LED루미사인 발전기 모음 침 인 미 화 침,,
grp-a001-02-000000009335164,83236415248.0,190,네온사인주문제작 철망 입간판 네온조명 바닥매트,,
grp-a001-02-000000021854519,83236415248.0,190,네온사인주문제작 돌출간판 돌출간판 잔넬 미니금고,,
grp-a001-02-000000021807497,83236415248.0,190,네온사인주문제작 철망 간판제작 경관조명 미니금고,,
grp-a001-02-000000021807496,83236415248.0,190,네온사인주문제작 돌출간판 LED 잔넬 호 나,,
grp-a001-02-000000009335164,83233092304.0,190,빨미까레 무드등 도 캠 간 아 문 문 아 현,,
grp-a001-02-000000009335164,83233090154.0,190,24시 시트지인쇄 간판제작 현 아 간 미 미,,
grp-a001-02-000000009335164,83232488909.0,190,영문글자 자작나무합판 아크릴간판 아 간 l 화,,
grp-a001-02-000000009335164,83223413055.0,190,네임택 사각현판 현관타일 베너 미 교 명 원,,
grp-a001-02-000000021854519,83223413055.0,190,네임택 사각현판 침대 LED간판 투 자 책 대,,
grp-a001-02-000000021807519,83223413055.0,190,미니간판 사각현판 원목거실장 베너 메 크 책,,
grp-a001-02-000000021807501,83223413055.0,190,명패 사각현판 원목거실장 아크릴간판 승 대 메,,
grp-a001-02-000000021807488,83223413055.0,190,아크릴박스 사각현판 인테리어조명 간판업체 명,,
grp-a001-02-000000021807497,83223413055.0,190,주차금지표지판 사각현판 조명쇼핑몰 간판업체 고,,
grp-a001-02-000000021807496,83223413055.0,190,명찰제작 사각현판 LED주방등 돌출간판 명 투,,
grp-a001-02-000000021807523,83223413055.0,190,주차금지표지판 사각현판 조명 네온사인 고 대,,
grp-a001-02-000000021854519,83220362578.0,190,CLOSED L바 유리시트지 도광판 아 문 간,,
grp-a001-02-000000021807488,83220362578.0,190,CLOSED 어항조명 인테리어시트지 출력 영,,
grp-a001-02-000000021807497,83220362578.0,190,CLOSED 침대스탠드 유리창문시트지 도광판,,
grp-a001-02-000000021807523,83220362578.0,190,CLOSED 벽등 현관바닥시트지 도광판 아 캠,,
grp-a001-02-000000021807511,83220362578.0,190,CLOSED 벽등 포맥스판 출력 아 간 호 현,,
grp-a001-02-000000009335164,83217877819.0,190,한컴오피스 네임택 LED간판 현 호 도 미 화,,
grp-a001-02-000000021854519,83217877819.0,190,한글무료설치 MDF재단 간판만들기 아 아 고,,
grp-a001-02-000000009335164,83212015165.0,190,영문표찰 아크릴제작 돌출간판 도 현 l 고 아,,
grp-a001-02-000000021854519,83212015165.0,190,영문표찰 미니간판 네온 아 현 아 현 돌 캠,,
grp-a001-02-000000009335164,83209796302.0,190,한글표찰 간판만들기 무드등 호 캠 캠 고 현,,
grp-a001-02-000000021854519,83209796302.0,190,한글표찰 입간판 미니 돌 미 캠 나 화 캠 아,,
grp-a001-02-000000021807519,83209796302.0,190,한글표찰 실사출력 네온사인 화 아 간 간 아,,
grp-a001-02-000000009335164,83200730253.0,190,가게표찰 3T아크릴 돌출간판 현 아 아 문 실,,
grp-a001-02-000000021854519,83183990634.0,190,숙박호실 BCTOP포인트 로고만들기 하남맛집,,
grp-a001-02-000000021854519,83168107590.0,190,네온사인주문제작 돌출 도무송 목공공방 포장배달,,
grp-a001-02-000000021807488,83168107590.0,190,책상가림막 돌출 홀로그램스티커 스카시간판 화,,
grp-a001-02-000000021807523,83168107590.0,190,꽃병 돌출 네임스티커 목공DIY 포장배달 문,,
grp-a001-02-000000021807501,83168087580.0,190,김해맛집추천 엠블럼 로고제작 빅데이터 관 아,,
grp-a001-02-000000021807488,83168087580.0,190,맥주잔 회사명 시각디자인 카피라이터 아 호 아,,
grp-a001-02-000000021807497,83168087580.0,190,맥주잔 이쁜그림 회사로고 카피라이터 로고디자인,,
grp-a001-02-000000021807496,83168087580.0,190,세계맥주 꽃그림 브랜드네이밍 CI 벽메뉴판 현,,
grp-a001-02-000000021854519,83167974860.0,190,경기도가볼만한곳 빔프로젝터스크린 칸막이 아 나,,
grp-a001-02-000000021807519,83167974860.0,190,경기가볼만한곳 가정용빔프로젝터 아크릴제작 아,,
grp-a001-02-000000021807501,83167974860.0,190,서울가볼만한곳 윤씨네스크린 쇼파덮개 현 돌 영,,
grp-a001-02-000000021807488,83167974860.0,190,케이크주문제작 LED 쇼파덮개 영 미 영 실,,
grp-a001-02-000000021807496,83167974860.0,190,거제도갈만한곳 자동블라인드 에어컨실외기커버 나,,
grp-a001-02-000000009335164,83167960643.0,190,커피숍 명품로고 현 아 캠 현 호 화 실 아,,
grp-a001-02-000000021854519,83167960643.0,190,남양주카페 의류브랜드 간 l 도 고 호 돌 캠,,
grp-a001-02-000000021807519,83167960643.0,190,남양주카페 무료로고 l 아 돌 나 아 간 현,,
grp-a001-02-000000021807488,83167960643.0,190,남양주카페 로고제작 화 화 호 캠 캠 아 미,,
grp-a001-02-000000021807497,83167960643.0,190,상가임대 로고만들기 아 캠 아 l 현 l 실,,
grp-a001-02-000000021807496,83167960643.0,190,상가임대 회사로고 영 호 나 l l 호 실 캠,,
grp-a001-02-000000021807523,83167960643.0,190,디저트카페 마크사 아 나 캠 영 관 현 실 화,,
grp-a001-02-000000009335164,83087679924.0,190,오설록티세트 CLOSED 레터링스티커 발매트,,
grp-a001-02-000000021854519,83087679924.0,190,오설록티세트 아크릴인쇄 돌출간판 축하화분 문,,
grp-a001-02-000000009335164,83085820946.0,190,누들라멘 점포매매 관계자외출입금지 네온사인 현,,
grp-a001-02-000000021854519,83063952198.0,190,밑줄형 캔들만들기 선반받침대 도색간판 아 캠,,
grp-a001-02-000000021807519,83063952198.0,190,밑줄형 원목 주차금지대 도색간판 호 현 아 아,,
grp-a001-02-000000021807501,83063952198.0,190,밑줄형 네온사인 LED모듈 도색간판 아 l 영,,
grp-a001-02-000000021807488,83063952198.0,190,밑줄형 방부목 아크릴간판 도색 아 현 아 간,,
grp-a001-02-000000021807497,83063952198.0,190,밑줄형 향수만들기 주차금지표지판 도색간판 아,,
grp-a001-02-000000009335164,82796818760.0,190,디디치킨메뉴 햄버거 홍대맛집 아크릴간판 아 l,,
grp-a001-02-000000021854519,82796818760.0,190,디디치킨메뉴 카페창업 물회맛집 LED간접조명,,
grp-a001-02-000000021807519,82796818760.0,190,디디치킨메뉴 포장용기 속초가볼만한곳 거실조명,,
grp-a001-02-000000021807501,82796818760.0,190,디디치킨메뉴 햄버거 식당 샹들리에조명 루미사인,,
grp-a001-02-000000021807497,82796818760.0,190,디디치킨메뉴 샐러드박스 대구맛집베스트 쇼핑 나,,
grp-a001-02-000000021807496,82796818760.0,190,디디치킨메뉴 샐러드박스 속초가볼만한곳 루미사인,,
grp-a001-02-000000021807523,82796818760.0,190,디디치킨메뉴 창업 홍대맛집 전등 루미사인 캠,,
grp-a001-02-000000021807511,82796818760.0,190,디디치킨메뉴 하겐다즈 갈비탕맛집 벽등 루미사인,,
grp-a001-02-000000009335164,82782099241.0,190,포장배달 코로나영업재개 창문장식인테리어 도 아,,
grp-a001-02-000000021854519,82780559891.0,190,여권사진 여수아쿠아플라넷 철제입간판 아크릴간판,,
grp-a001-02-000000021807519,82780559891.0,190,스티커벽지 워터파크 A형입간판 카페 화 아 호,,
grp-a001-02-000000021807496,82780559891.0,190,도무송 포천가볼만한곳 간판종류 도어사인 도 간,,
grp-a001-02-000000021807523,82780559891.0,190,라벨스티커 인천가볼만한곳 에어조끼 LED간판,,
grp-a001-02-000000009335164,82773826722.0,190,수제맥주점 아크릴인쇄 에어간판 집들이선물 아,,
grp-a001-02-000000021854519,82773826722.0,190,수제맥주점 영업중간판 돌출 인테리어화분 실 호,,
grp-a001-02-000000021854519,82768366251.0,190,킹크랩 팔당맛집 인테리어조명 문자조명 식탁조명,,
grp-a001-02-000000021807511,82768366251.0,190,새벽배송 일산맛집 감성캠핑랜턴 문자조명 센서등,,
grp-a001-02-000000009335164,82768007365.0,190,모니터받침대 제주도맛집 표지판 에어간판 현 간,,
grp-a001-02-000000021807488,82603103795.0,190,프로파일 안전보건표지 고야드 이중유리컵 아 문,,
grp-a001-02-000000021807497,82603103795.0,190,헤드랜턴 춤추는인형 고야드 미니피규어 영 간,,
grp-a001-02-000000021807511,82603103795.0,190,감성랜턴 풍선아트 고야드 레이저각인 도 캠 호,,
grp-a001-02-000000009335164,82567718933.0,190,익선동맛집 생수 네온조명 루미사인 네온사인만들기,,
grp-a001-02-000000021854519,82567718933.0,190,브런치카페 바리스타국비지원 간판만들기 루미사인,,
grp-a001-02-000000021807501,82567718933.0,190,서울놀거리 컵라면 간판제작 루미사인 돌출간판,,
grp-a001-02-000000021807488,82567718933.0,190,강화도카페 사무용품 LED간판 루미사인 조형물,,
grp-a001-02-000000021807497,82567718933.0,190,가평가볼만한곳 맥심화이트골드 간판만들기 전광판,,
grp-a001-02-000000021807496,82567718933.0,190,콜드브루 에스프레소 어닝 루미사인 로고만들기,,
grp-a001-02-000000021807523,82567718933.0,190,남양주가볼만한곳 디저트카페 네온사인주문제작 도,,
grp-a001-02-000000021807511,82567718933.0,190,경기도가볼만한곳 맥심커피믹스 어닝 루미사인 간,,
grp-a001-02-000000009335164,82429480272.0,190,페디큐어 관계자외출입금지 에어간판 화분배달 문,,
grp-a001-02-000000021854519,82429480272.0,190,홍대네일 시트지인쇄 레터링스티커 화분종류 l,,
grp-a001-02-000000009335164,82429252989.0,190,다운펌 미용실 아크릴인쇄 돌출간판 가정용금고,,
grp-a001-02-000000021854519,82429252989.0,190,다운펌 다 CLOSED 네온사인 미니금고 관,,
grp-a001-02-000000009335164,81941555547.0,190,아우디A7 간판가격 입간판 매장입구 아 철 미,,
grp-a001-02-000000021807501,81941555547.0,190,행거 LED액자 레일 매장입구간판 p 배 베,,
grp-a001-02-000000021807497,81941555547.0,190,인조잔디 간판제작 입간판 매장입구 p 입 착,,
grp-a001-02-000000021807496,81941555547.0,190,아우디Q3 철제입간판 비닐봉지 매장입구 베 미,,
grp-a001-02-000000021807519,81941305233.0,190,아우디Q5 어닝 액자 매장입구 현 케 케 현,,
grp-a001-02-000000021807501,81941305233.0,190,포르쉐카이엔 실사출력 다꾸스티커 매장입구 나,,
grp-a001-02-000000021807523,81941305233.0,190,아반떼신형 LED간판 다꾸스티커 매장입구 아,,
grp-a001-02-000000021807511,81941305233.0,190,아반떼신형 DIY 집들이선물 매장입구 현 미,,
grp-a001-02-000000009335164,81511443942.0,190,경기가볼만한곳 디저트카페 시트지인쇄 에어간판,,
grp-a001-02-000000021854519,81511443942.0,190,춘천맛집 A4용지 아크릴인쇄 돌출간판 대형토분,,
grp-a001-02-000000009335164,10845615862.0,190,가정용사다리 다용도 건축용 가정용 시공부착용,,
grp-a001-02-000000021807519,10845615862.0,190,강력접착제 다용도 건축용 가정용 시공부착용 강,,
grp-a001-02-000000021807501,10845615862.0,190,구리스 다용도 건축용 가정용 시공부착용 찍 강,,
grp-a001-02-000000021807511,10845615862.0,190,종이테이프 다용도 건축용 가정용 시공부착용 몬,,
grp-a001-02-000000021807484,10845615862.0,190,못없이액자걸기 다용도 건축용 가정용 시공부착용,,
grp-a001-02-000000021854519,10845602397.0,190,미니간판 문서파쇄업체 절단용 테이프디스펜서 멀,,
grp-a001-02-000000021807519,10845602397.0,190,간판업체 셀프제본 절단용 박스테이프 크 동 디,,
grp-a001-02-000000021807501,10845602397.0,190,아크릴제작 현대오피스코팅기 절단용 밴딩기 파,,
grp-a001-02-000000021807488,10845602397.0,190,스티커만들기 종이분쇄기 절단용 양면테이프 스,,
grp-a001-02-000000021807496,10845602397.0,190,실사출력 제단기 절단용 초강력양면테이프 멀 강,,
grp-a001-02-000000021807511,10845602397.0,190,아크릴박스 제본기 절단용 테이프제작 전 만 파,,
grp-a001-02-000000009335164,10119575501.0,190,시트제거칼 방진마스크 철물 바닥껌 찐드기제거,,
grp-a001-02-000000021854519,10119575501.0,190,시트제거칼 야채슬라이서 거울 바닥껌 찐드기제거,,
grp-a001-02-000000021807519,10119575501.0,190,시트제거칼 볼트너트 거울 바닥껌 찐드기제거 물,,
grp-a001-02-000000021807501,10119575501.0,190,시트제거칼 채칼 석재 바닥껌 찐드기제거 강 마,,
grp-a001-02-000000021807488,10119575501.0,190,시트제거칼 전지가위 붙이는화이트보드 바닥껌 못,,
grp-a001-02-000000021807497,10119575501.0,190,시트제거칼 마스킹테이프 에폭시 바닥껌 줄 마,,
grp-a001-02-000000021807496,10119575501.0,190,시트제거칼 방진마스크 DIY가구 바닥껌 타 타,,
grp-a001-02-000000021807523,10119575501.0,190,시트제거칼 각도절단기 거울 바닥껌 찐드기제거,,
grp-a001-02-000000021807511,10119575501.0,190,시트제거칼 파이프 식탁유리 바닥껌 찐드기제거,,
grp-a001-02-000000021807519,10119555489.0,190,보영황금헤라 햇빛차단테이프 자동차스티커 물 장,,
grp-a001-02-000000021807501,10119555489.0,190,보영황금헤라 유리창문시트지 자동차덴트 강 장,,
grp-a001-02-000000021807488,10119555489.0,190,보영황금헤라 썬팅반사필름 자동차공업사 티코스터,,
grp-a001-02-000000021807497,10119555489.0,190,보영황금헤라 벽지곰팡이제거제 차량용스티커 문패,,
grp-a001-02-000000021807496,10119555489.0,190,보영황금헤라 벽지곰팡이제거제 차기스제거 강 줄,,
grp-a001-02-000000021807511,10119555489.0,190,보영황금헤라 썬팅필름 자동차기스제거 블랙보드,,
grp-a001-02-000000021807519,10119554295.0,190,보영고급홍금헤라 대리석시트지 브라인드커튼 가,,
grp-a001-02-000000021807488,10119554295.0,190,보영고급홍금헤라 벽스티커 화이트암막커튼 강 강,,
grp-a001-02-000000021807496,10119554295.0,190,보영고급홍금헤라 거울시트지 짧은커튼 강 물 b,,
grp-a001-02-000000021807511,10119554295.0,190,보영고급홍금헤라 사생활보호필름 짧은커튼 장 코,,
grp-a001-02-000000021854519,10119485914.0,190,올양모헤라 창문사생활보호 차량랩핑 욕 줄 월,,
grp-a001-02-000000021807488,10119485914.0,190,올양모헤라 썬팅필름 자동차랩핑 장 타 월 줄,,
grp-a001-02-000000021807497,10119485914.0,190,올양모헤라 햇빛차단테이프 자동차PPF필름 줄,,
grp-a001-02-000000021807496,10119485914.0,190,올양모헤라 틴팅 자동차래핑 월 줄 월 월 마,,
grp-a001-02-000000021807511,10119485914.0,190,올양모헤라 열차단필름 자동차래핑 줄 타 장 마,,
grp-a001-02-000000021807485,10119485914.0,190,올양모헤라 후방카메라 차량랩핑 강 물 타 줄,,
grp-a001-02-000000021854519,10119439295.0,190,웨인스코팅 썬팅전용 기스방지 레터링스티커 타,,
grp-a001-02-000000021807519,10119439295.0,190,3M장갑 썬팅전용 기스방지 창문썬팅지 구글광고,,
grp-a001-02-000000021807488,10119439295.0,190,실리콘테이프 썬팅전용 기스방지 레터링스티커 줄,,
grp-a001-02-000000021807497,10119439295.0,190,실리콘테이프 썬팅전용 기스방지 창문썬팅지 강,,
grp-a001-02-000000021807511,10119439295.0,190,시트지 썬팅전용 기스방지 배달스티커 로고제작,,
grp-a001-02-000000021854519,10119407414.0,190,썬팅전용헤라 베란다탄성코트 기스 전용 타 강,,
grp-a001-02-000000021807519,10119407414.0,190,썬팅전용헤라 주방타일시트지 기스 전용 코 장,,
grp-a001-02-000000021807501,10119407414.0,190,썬팅전용헤라 시트지 기스 전용 타 물 금 타,,
grp-a001-02-000000021807488,10119407414.0,190,썬팅전용헤라 썬팅 기스 전용 금 월 물 f 강,,
grp-a001-02-000000021807523,10119407414.0,190,썬팅전용헤라 시트지 기스 전용 욕 석 물 줄,,
grp-a001-02-000000021807484,10119407414.0,190,썬팅전용헤라 자동차썬팅추천 기스 전용 강 금,,
grp-a001-02-000000021854519,10119406753.0,190,썬팅전용헤라 시트지 기스 시트지전용 모자이크타일,,
grp-a001-02-000000021807519,10119406753.0,190,썬팅전용헤라 시트지 기스 시트지전용 거실아트월,,
grp-a001-02-000000021807501,10119406753.0,190,썬팅전용헤라 랩핑지 기스 시트지전용 스텐실 장,,
grp-a001-02-000000021807488,10119406753.0,190,썬팅전용헤라 제주소품샵 기스 시트지전용 f 강,,
grp-a001-02-000000021807497,10119406753.0,190,썬팅전용헤라 소품샵 기스 시트지전용 f 마 강,,
grp-a001-02-000000021807523,10119406753.0,190,썬팅전용헤라 제주도가볼만한곳 기스 시트지전용,,
grp-a001-02-000000021807484,10119406753.0,190,썬팅전용헤라 스티커 기스 시트지전용 차량용스티커,,
grp-a001-02-000000009335164,10119377476.0,190,썬팅전용헤라 데칼스티커 기스 시트지전용 강 강,,
grp-a001-02-000000021854519,10119377476.0,190,썬팅전용헤라 자동차튜닝 기스 시트지전용 장 줄,,
grp-a001-02-000000021807519,10119377476.0,190,썬팅전용헤라 오토바이랩핑 기스 시트지전용 금,,
grp-a001-02-000000021807501,10119377476.0,190,썬팅전용헤라 광고대행사 기스 시트지전용 강 마,,
grp-a001-02-000000021807488,10119377476.0,190,썬팅전용헤라 자동차튜닝 기스 시트지전용 코 강,,
grp-a001-02-000000021807497,10119377476.0,190,썬팅전용헤라 자동차랩핑비용 기스 시트지전용 욕,,
grp-a001-02-000000021807523,10119377476.0,190,썬팅전용헤라 광고대행사 기스 시트지전용 물 욕,,
