Unnamed: 0,Unnamed: 0.1,Unnamed: 0.1.1,Unnamed: 0.1.1.1,광고그룹 ID,소재 ID,노출상품명,제한상태,제한사유,상품 ID
0.0,0.0,0.0,0.0,grp-a001-02-000000021807519,nad-a001-02-000000141206863,맥주 주점 안내판,소재 노출제한,"해상도가 낮거나 이미지 테두리, 공백이 확인되는 이미지 등 품질이 떨어지는 경우 또는 관련 법령, 선량한 풍속, 기타 사회질서에 반하거나 반하는 행위를 지칭하는 이미지는 광고 진행이 불가합니다.",5229304479.0
1.0,1.0,1.0,1.0,grp-a001-02-000000021807523,nad-a001-02-000000141206944,맥주 주점 이니셜사인,소재 노출제한,"해상도가 낮거나 이미지 테두리, 공백이 확인되는 이미지 등 품질이 떨어지는 경우 또는 관련 법령, 선량한 풍속, 기타 사회질서에 반하거나 반하는 행위를 지칭하는 이미지는 광고 진행이 불가합니다.",5229304479.0
2.0,2.0,2.0,2.0,grp-a001-02-000000021807484,nad-a001-02-000000138288703,맥주주점 코로나영업재개 창문장식인테리어,소재 노출제한,"해상도가 낮거나 이미지 테두리, 공백이 확인되는 이미지 등 품질이 떨어지는 경우 또는 관련 법령, 선량한 풍속, 기타 사회질서에 반하거나 반하는 행위를 지칭하는 이미지는 광고 진행이 불가합니다.",5229304479.0
3.0,3.0,3.0,3.0,grp-a001-02-000000021807485,nad-a001-02-000000141206777,맥주 주점 벽꾸미기,소재 노출제한,"해상도가 낮거나 이미지 테두리, 공백이 확인되는 이미지 등 품질이 떨어지는 경우 또는 관련 법령, 선량한 풍속, 기타 사회질서에 반하거나 반하는 행위를 지칭하는 이미지는 광고 진행이 불가합니다.",5229304479.0
4.0,4.0,4.0,4.0,grp-a001-02-000000021807486,nad-a001-02-000000141206842,맥주 주점 술집오픈선물,소재 노출제한,"해상도가 낮거나 이미지 테두리, 공백이 확인되는 이미지 등 품질이 떨어지는 경우 또는 관련 법령, 선량한 풍속, 기타 사회질서에 반하거나 반하는 행위를 지칭하는 이미지는 광고 진행이 불가합니다.",5229304479.0
5.0,5.0,5.0,5.0,grp-a001-02-000000021807552,nad-a001-02-000000141206797,맥주 주점 벽면간판,소재 노출제한,"해상도가 낮거나 이미지 테두리, 공백이 확인되는 이미지 등 품질이 떨어지는 경우 또는 관련 법령, 선량한 풍속, 기타 사회질서에 반하거나 반하는 행위를 지칭하는 이미지는 광고 진행이 불가합니다.",5229304479.0
6.0,6.0,6.0,6.0,grp-a001-02-000000021807554,nad-a001-02-000000141207065,맥주 주점 샵인테리어소품,소재 노출제한,"해상도가 낮거나 이미지 테두리, 공백이 확인되는 이미지 등 품질이 떨어지는 경우 또는 관련 법령, 선량한 풍속, 기타 사회질서에 반하거나 반하는 행위를 지칭하는 이미지는 광고 진행이 불가합니다.",5229304479.0
7.0,7.0,7.0,7.0,grp-a001-02-000000021807550,nad-a001-02-000000141206967,맥주 주점 홈간판,소재 노출제한,"해상도가 낮거나 이미지 테두리, 공백이 확인되는 이미지 등 품질이 떨어지는 경우 또는 관련 법령, 선량한 풍속, 기타 사회질서에 반하거나 반하는 행위를 지칭하는 이미지는 광고 진행이 불가합니다.",5229304479.0
8.0,8.0,8.0,8.0,grp-a001-02-000000021807549,nad-a001-02-000000141207030,맥주 주점 추가인테리어,소재 노출제한,"해상도가 낮거나 이미지 테두리, 공백이 확인되는 이미지 등 품질이 떨어지는 경우 또는 관련 법령, 선량한 풍속, 기타 사회질서에 반하거나 반하는 행위를 지칭하는 이미지는 광고 진행이 불가합니다.",5229304479.0
9.0,9.0,9.0,9.0,grp-a001-02-000000021807551,nad-a001-02-000000141207007,맥주 주점 아크릴글자,소재 노출제한,"해상도가 낮거나 이미지 테두리, 공백이 확인되는 이미지 등 품질이 떨어지는 경우 또는 관련 법령, 선량한 풍속, 기타 사회질서에 반하거나 반하는 행위를 지칭하는 이미지는 광고 진행이 불가합니다.",5229304479.0
10.0,10.0,10.0,10.0,grp-a001-02-000000021807519,nad-a001-02-000000141206865,카페 커피간판 안내판,소재 노출제한,"해상도가 낮거나 이미지 테두리, 공백이 확인되는 이미지 등 품질이 떨어지는 경우 또는 관련 법령, 선량한 풍속, 기타 사회질서에 반하거나 반하는 행위를 지칭하는 이미지는 광고 진행이 불가합니다.",3966923717.0
11.0,11.0,11.0,11.0,grp-a001-02-000000021807523,nad-a001-02-000000141206946,카페 커피간판 이니셜사인,소재 노출제한,"해상도가 낮거나 이미지 테두리, 공백이 확인되는 이미지 등 품질이 떨어지는 경우 또는 관련 법령, 선량한 풍속, 기타 사회질서에 반하거나 반하는 행위를 지칭하는 이미지는 광고 진행이 불가합니다.",3966923717.0
12.0,12.0,12.0,12.0,grp-a001-02-000000021807485,nad-a001-02-000000141206779,카페 커피간판 벽꾸미기,소재 노출제한,"해상도가 낮거나 이미지 테두리, 공백이 확인되는 이미지 등 품질이 떨어지는 경우 또는 관련 법령, 선량한 풍속, 기타 사회질서에 반하거나 반하는 행위를 지칭하는 이미지는 광고 진행이 불가합니다.",3966923717.0
13.0,13.0,13.0,13.0,grp-a001-02-000000021807486,nad-a001-02-000000141206844,카페 커피간판 술집오픈선물,소재 노출제한,"해상도가 낮거나 이미지 테두리, 공백이 확인되는 이미지 등 품질이 떨어지는 경우 또는 관련 법령, 선량한 풍속, 기타 사회질서에 반하거나 반하는 행위를 지칭하는 이미지는 광고 진행이 불가합니다.",3966923717.0
14.0,14.0,14.0,14.0,grp-a001-02-000000021807552,nad-a001-02-000000141206799,카페 커피간판 벽면간판,소재 노출제한,"해상도가 낮거나 이미지 테두리, 공백이 확인되는 이미지 등 품질이 떨어지는 경우 또는 관련 법령, 선량한 풍속, 기타 사회질서에 반하거나 반하는 행위를 지칭하는 이미지는 광고 진행이 불가합니다.",3966923717.0
15.0,15.0,15.0,15.0,grp-a001-02-000000021807554,nad-a001-02-000000141207067,카페 커피간판 샵인테리어소품,소재 노출제한,"해상도가 낮거나 이미지 테두리, 공백이 확인되는 이미지 등 품질이 떨어지는 경우 또는 관련 법령, 선량한 풍속, 기타 사회질서에 반하거나 반하는 행위를 지칭하는 이미지는 광고 진행이 불가합니다.",3966923717.0
16.0,16.0,16.0,16.0,grp-a001-02-000000021807550,nad-a001-02-000000141206969,카페 커피간판 홈간판,소재 노출제한,"해상도가 낮거나 이미지 테두리, 공백이 확인되는 이미지 등 품질이 떨어지는 경우 또는 관련 법령, 선량한 풍속, 기타 사회질서에 반하거나 반하는 행위를 지칭하는 이미지는 광고 진행이 불가합니다.",3966923717.0
17.0,17.0,17.0,17.0,grp-a001-02-000000021807549,nad-a001-02-000000141207032,카페 커피간판 추가인테리어,소재 노출제한,"해상도가 낮거나 이미지 테두리, 공백이 확인되는 이미지 등 품질이 떨어지는 경우 또는 관련 법령, 선량한 풍속, 기타 사회질서에 반하거나 반하는 행위를 지칭하는 이미지는 광고 진행이 불가합니다.",3966923717.0
18.0,18.0,18.0,18.0,grp-a001-02-000000021807551,nad-a001-02-000000141207010,카페 커피간판 아크릴글자,소재 노출제한,"해상도가 낮거나 이미지 테두리, 공백이 확인되는 이미지 등 품질이 떨어지는 경우 또는 관련 법령, 선량한 풍속, 기타 사회질서에 반하거나 반하는 행위를 지칭하는 이미지는 광고 진행이 불가합니다.",3966923717.0
19.0,19.0,19.0,19.0,grp-a001-02-000000021786478,nad-a001-02-000000145968675,입간판 야외가판대 주차금지 미끄럼주의,소재 노출제한,"합성 또는 4분할 초과, 기타 보정/효과 등을 넣거나 왜곡된 이미지는 사용할 수 없으며, 분할된 이미지는 서로 달라야 하며 분할된 비율이 동일해야 합니다.
해상도가 낮거나 이미지 테두리, 공백이 확인되는 이미지 등 품질이 떨어지는 경우 또는 관련 법령, 선량한 풍속, 기타 사회질서에 반하거나 반하는 행위를 지칭하는 이미지는 광고 진행이 불가합니다.",5774543963.0
20.0,20.0,20.0,20.0,grp-a001-02-000000021786478,nad-a001-02-000000145968681,현수막 업다운배너,소재 노출제한,이미지 내 텍스트가 기재된 경우 등록이 불가합니다.,5742869601.0
21.0,21.0,21.0,21.0,grp-a001-02-000000021786478,nad-a001-02-000000145968682,현수막 실내외 물통배너 맞춤제작,소재 노출제한,이미지 내 텍스트가 기재된 경우 등록이 불가합니다.,5742862281.0
22.0,22.0,22.0,22.0,grp-a001-02-000000021786478,nad-a001-02-000000145968686,알루미늄자 안전스틸 공업용 컷팅 손가락보호 미끄럼방지 커팅용 스틸엣지,소재 노출제한,이미지 내 텍스트가 기재된 경우 등록이 불가합니다.,606844220.0
23.0,23.0,23.0,23.0,grp-a001-02-000000021786478,nad-a001-02-000000146352972,시트제거칼 스크래퍼 찐드기제거 시공용 유리전용 바닥껌제거,소재 노출제한,"상품과 직접적인 관련이 없는 수식어로 무의미하게 반복나열되거나 동일 또는 유사한 문구를 반복하여 기재할 수 없습니다. (ex. 관련없는 상품의 용도, 상품 유형의 중복 나열, 동일 문구 반복 등)",451552487.0
24.0,24.0,24.0,24.0,grp-a001-02-000000021786478,nad-a001-02-000000145968676,입간판 네온LED보드 마커 칠판 사인보드 문패 가게인테리어,소재 노출제한,"등록하신 '상품'과 '카테고리'가 매칭되지 않습니다. 상품과 연관성 있는 카테고리로 수정해 주세요
이미지 내 텍스트가 기재된 경우 등록이 불가합니다.
해상도가 낮거나 이미지 테두리, 공백이 확인되는 이미지 등 품질이 떨어지는 경우 또는 관련 법령, 선량한 풍속, 기타 사회질서에 반하거나 반하는 행위를 지칭하는 이미지는 광고 진행이 불가합니다.",5774546049.0
25.0,25.0,25.0,25.0,grp-a001-02-000000021786478,nad-a001-02-000000144208119,현수막 퀵배너,대기 소재,-,5742869602.0
26.0,26.0,26.0,26.0,grp-a001-02-000000021786478,nad-a001-02-000000144208109,담슈 담배 재떨이 공공시설,대기 소재,-,5742869573.0
27.0,27.0,27.0,27.0,grp-a001-02-000000021786478,nad-a001-02-000000143673316,현대칼라시트지 HS 일반용 1롤,대기 소재,-,5731013039.0
28.0,28.0,28.0,28.0,grp-a001-02-000000021786478,nad-a001-02-000000143673314,현대엠보시트지 122폭 1롤,대기 소재,-,5731013036.0
29.0,29.0,29.0,29.0,grp-a001-02-000000021786478,nad-a001-02-000000143673312,현대엠보시트지 100폭 1롤,대기 소재,-,5731013035.0
30.0,30.0,30.0,30.0,grp-a001-02-000000021786478,nad-a001-02-000000143673317,현대메탈시트지 1롤,대기 소재,-,5731013033.0
31.0,31.0,31.0,31.0,grp-a001-02-000000021786478,nad-a001-02-000000145968684,칼라피스(백색/적색/청색/흑색),대기 소재,-,5731013015.0
32.0,32.0,32.0,32.0,grp-a001-02-000000009335164,nad-a001-02-000000141206992,베이커리 네온사인,대기 소재,-,5688594406.0
33.0,33.0,33.0,33.0,grp-a001-02-000000021854519,nad-a001-02-000000141206926,베이커리 개업선물,대기 소재,-,5688594406.0
34.0,34.0,34.0,34.0,grp-a001-02-000000021807519,nad-a001-02-000000141206854,베이커리 안내판,대기 소재,-,5688594406.0
35.0,35.0,35.0,35.0,grp-a001-02-000000021807501,nad-a001-02-000000141206874,베이커리 제작,대기 소재,-,5688594406.0
36.0,36.0,36.0,36.0,grp-a001-02-000000021807488,nad-a001-02-000000141207106,베이커리 DIY,대기 소재,-,5688594406.0
37.0,37.0,37.0,37.0,grp-a001-02-000000021807497,nad-a001-02-000000141206911,베이커리 디자인사인,대기 소재,-,5688594406.0
38.0,38.0,38.0,38.0,grp-a001-02-000000021807496,nad-a001-02-000000141206809,베이커리 사이드간판,대기 소재,-,5688594406.0
39.0,39.0,39.0,39.0,grp-a001-02-000000021807523,nad-a001-02-000000141206935,베이커리 이니셜사인,대기 소재,-,5688594406.0
40.0,40.0,40.0,40.0,grp-a001-02-000000021807511,nad-a001-02-000000141207037,베이커리 특이한간판,대기 소재,-,5688594406.0
41.0,41.0,41.0,41.0,grp-a001-02-000000021807485,nad-a001-02-000000141206768,베이커리 벽꾸미기,대기 소재,-,5688594406.0
42.0,42.0,42.0,42.0,grp-a001-02-000000021807486,nad-a001-02-000000141206832,베이커리 술집오픈선물,대기 소재,-,5688594406.0
43.0,43.0,43.0,43.0,grp-a001-02-000000021807552,nad-a001-02-000000141206786,베이커리 벽면간판,대기 소재,-,5688594406.0
44.0,44.0,44.0,44.0,grp-a001-02-000000021807546,nad-a001-02-000000141206722,베이커리 캘리그라피,대기 소재,-,5688594406.0
45.0,45.0,45.0,45.0,grp-a001-02-000000021807554,nad-a001-02-000000141207055,베이커리 샵인테리어소품,대기 소재,-,5688594406.0
46.0,46.0,46.0,46.0,grp-a001-02-000000021807550,nad-a001-02-000000141206958,베이커리 홈간판,대기 소재,-,5688594406.0
47.0,47.0,47.0,47.0,grp-a001-02-000000021807549,nad-a001-02-000000141207021,베이커리 추가인테리어,대기 소재,-,5688594406.0
48.0,48.0,48.0,48.0,grp-a001-02-000000021807555,nad-a001-02-000000141206898,베이커리 아크릴로고,대기 소재,-,5688594406.0
49.0,49.0,49.0,49.0,grp-a001-02-000000022036013,nad-a001-02-000000141206747,베이커리 대문인테리어,대기 소재,-,5688594406.0
50.0,50.0,50.0,50.0,grp-a001-02-000000021785266,nad-a001-02-000000141206951,베이커리 축하선물,대기 소재,-,5688594406.0
51.0,51.0,51.0,51.0,grp-a001-02-000000022036032,nad-a001-02-000000141206758,베이커리 홈바간판,대기 소재,-,5688594406.0
52.0,52.0,52.0,52.0,grp-a001-02-000000021785285,nad-a001-02-000000141206885,베이커리 심플간판,대기 소재,-,5688594406.0
53.0,53.0,53.0,53.0,grp-a001-02-000000022036028,nad-a001-02-000000141206753,베이커리 로고사인,대기 소재,-,5688594406.0
54.0,54.0,54.0,54.0,grp-a001-02-000000021786478,nad-a001-02-000000141134080,베이커리 이쁜보조간판 LED 조명 빵집 빵나오는 시간,대기 소재,-,5688594406.0
55.0,55.0,55.0,55.0,grp-a001-02-000000021854519,nad-a001-02-000000141206927,24시 영업중 개업선물,대기 소재,-,5688592256.0
56.0,56.0,56.0,56.0,grp-a001-02-000000021807519,nad-a001-02-000000141206855,24시 영업중 안내판,대기 소재,-,5688592256.0
57.0,57.0,57.0,57.0,grp-a001-02-000000021807501,nad-a001-02-000000141206875,24시 영업중 제작,대기 소재,-,5688592256.0
58.0,58.0,58.0,58.0,grp-a001-02-000000021807497,nad-a001-02-000000141206912,24시 영업중 디자인사인,대기 소재,-,5688592256.0
59.0,59.0,59.0,59.0,grp-a001-02-000000021807496,nad-a001-02-000000141206815,24시 영업중 사이드간판,대기 소재,-,5688592256.0
60.0,60.0,60.0,60.0,grp-a001-02-000000021807523,nad-a001-02-000000141206936,24시 영업중 이니셜사인,대기 소재,-,5688592256.0
61.0,61.0,61.0,61.0,grp-a001-02-000000021807511,nad-a001-02-000000141207038,24시 영업중 특이한간판,대기 소재,-,5688592256.0
62.0,62.0,62.0,62.0,grp-a001-02-000000021807485,nad-a001-02-000000141206769,24시 영업중 벽꾸미기,대기 소재,-,5688592256.0
63.0,63.0,63.0,63.0,grp-a001-02-000000021807486,nad-a001-02-000000141206833,24시 영업중 술집오픈선물,대기 소재,-,5688592256.0
64.0,64.0,64.0,64.0,grp-a001-02-000000021807552,nad-a001-02-000000141206787,24시 영업중 벽면간판,대기 소재,-,5688592256.0
65.0,65.0,65.0,65.0,grp-a001-02-000000021807546,nad-a001-02-000000141206724,24시 영업중 캘리그라피,대기 소재,-,5688592256.0
66.0,66.0,66.0,66.0,grp-a001-02-000000021807554,nad-a001-02-000000141207056,24시 영업중 샵인테리어소품,대기 소재,-,5688592256.0
67.0,67.0,67.0,67.0,grp-a001-02-000000021807550,nad-a001-02-000000141206959,24시 영업중 홈간판,대기 소재,-,5688592256.0
68.0,68.0,68.0,68.0,grp-a001-02-000000021807549,nad-a001-02-000000141207022,24시 영업중 추가인테리어,대기 소재,-,5688592256.0
69.0,69.0,69.0,69.0,grp-a001-02-000000021807555,nad-a001-02-000000141206899,24시 영업중 아크릴로고,대기 소재,-,5688592256.0
70.0,70.0,70.0,70.0,grp-a001-02-000000022036013,nad-a001-02-000000141206748,24시 영업중 대문인테리어,대기 소재,-,5688592256.0
71.0,71.0,71.0,71.0,grp-a001-02-000000021785266,nad-a001-02-000000141206952,24시 영업중 축하선물,대기 소재,-,5688592256.0
72.0,72.0,72.0,72.0,grp-a001-02-000000022036032,nad-a001-02-000000141206759,24시 영업중 홈바간판,대기 소재,-,5688592256.0
73.0,73.0,73.0,73.0,grp-a001-02-000000021785285,nad-a001-02-000000141206886,24시 영업중 심플간판,대기 소재,-,5688592256.0
74.0,74.0,74.0,74.0,grp-a001-02-000000022036028,nad-a001-02-000000141206754,24시 영업중 로고사인,대기 소재,-,5688592256.0
75.0,75.0,75.0,75.0,grp-a001-02-000000009335164,nad-a001-02-000000141206994,영문글자 아크릴스카시 사인,대기 소재,-,5687991038.0
76.0,76.0,76.0,76.0,grp-a001-02-000000021854519,nad-a001-02-000000141206928,영문글자 아크릴스카시 개업선물,대기 소재,-,5687991038.0
77.0,77.0,77.0,77.0,grp-a001-02-000000021807519,nad-a001-02-000000141206856,영문글자 아크릴스카시 안내판,대기 소재,-,5687991038.0
78.0,78.0,78.0,78.0,grp-a001-02-000000021807501,nad-a001-02-000000141206876,영문글자 아크릴스카시 제작,대기 소재,-,5687991038.0
79.0,79.0,79.0,79.0,grp-a001-02-000000021807497,nad-a001-02-000000141206913,영문글자 아크릴스카시 디자인사인,대기 소재,-,5687991038.0
80.0,80.0,80.0,80.0,grp-a001-02-000000021807496,nad-a001-02-000000141206817,영문글자 아크릴스카시 사이드간판,대기 소재,-,5687991038.0
81.0,81.0,81.0,81.0,grp-a001-02-000000021807523,nad-a001-02-000000141206937,영문글자 아크릴스카시 이니셜사인,대기 소재,-,5687991038.0
82.0,82.0,82.0,82.0,grp-a001-02-000000021807511,nad-a001-02-000000141207039,영어글자 포인트 로고간판 카페 흡연 창고,대기 소재,-,5687991038.0
83.0,83.0,83.0,83.0,grp-a001-02-000000021807485,nad-a001-02-000000141206770,영문글자 아크릴스카시 벽꾸미기,대기 소재,-,5687991038.0
84.0,84.0,84.0,84.0,grp-a001-02-000000021807486,nad-a001-02-000000141206834,영문글자 아크릴스카시 술집오픈선물,대기 소재,-,5687991038.0
85.0,85.0,85.0,85.0,grp-a001-02-000000021807481,nad-a001-02-000000141206980,영문글자 아크릴스카시 식당간판,대기 소재,-,5687991038.0
86.0,86.0,86.0,86.0,grp-a001-02-000000021807552,nad-a001-02-000000141206788,영문글자 아크릴스카시 벽면간판,대기 소재,-,5687991038.0
87.0,87.0,87.0,87.0,grp-a001-02-000000021807546,nad-a001-02-000000141206725,영문글자 아크릴스카시 캘리그라피,대기 소재,-,5687991038.0
88.0,88.0,88.0,88.0,grp-a001-02-000000021807554,nad-a001-02-000000141207057,영문글자 아크릴스카시 샵인테리어소품,대기 소재,-,5687991038.0
89.0,89.0,89.0,89.0,grp-a001-02-000000021807550,nad-a001-02-000000141206960,영문글자 아크릴스카시 홈간판,대기 소재,-,5687991038.0
90.0,90.0,90.0,90.0,grp-a001-02-000000021807549,nad-a001-02-000000141207023,영문글자 아크릴스카시 추가인테리어,대기 소재,-,5687991038.0
91.0,91.0,91.0,91.0,grp-a001-02-000000021807551,nad-a001-02-000000141207000,영문글자 아크릴스카시 아크릴글자,대기 소재,-,5687991038.0
92.0,92.0,92.0,92.0,grp-a001-02-000000021807555,nad-a001-02-000000141206900,영문글자 아크릴스카시 아크릴로고,대기 소재,-,5687991038.0
93.0,93.0,93.0,93.0,grp-a001-02-000000022036013,nad-a001-02-000000141206749,영문글자 아크릴스카시 대문인테리어,대기 소재,-,5687991038.0
94.0,94.0,94.0,94.0,grp-a001-02-000000021785266,nad-a001-02-000000141206953,영문글자 아크릴스카시 축하선물,대기 소재,-,5687991038.0
95.0,95.0,95.0,95.0,grp-a001-02-000000022036032,nad-a001-02-000000141206760,영문글자 아크릴스카시 홈바간판,대기 소재,-,5687991038.0
96.0,96.0,96.0,96.0,grp-a001-02-000000021785285,nad-a001-02-000000141206887,영문글자 아크릴스카시 심플간판,대기 소재,-,5687991038.0
97.0,97.0,97.0,97.0,grp-a001-02-000000022036028,nad-a001-02-000000141206755,영문글자 아크릴스카시 로고사인,대기 소재,-,5687991038.0
,,,,grp-a001-02-000000021807484,nad-a001-02-000000141207087,영문글자 아크릴스카시 포인트간판,대기 소재,-,5687991038.0
98.0,98.0,98.0,98.0,grp-a001-02-000000009335164,nad-a001-02-000000141206995,부식간판 사각현판 조명 사인,대기 소재,-,5678915479.0
99.0,99.0,99.0,99.0,grp-a001-02-000000021854519,nad-a001-02-000000141206931,부식간판 사각현판 조명 개업선물,대기 소재,-,5678915479.0
100.0,100.0,100.0,100.0,grp-a001-02-000000021807519,nad-a001-02-000000141206870,부식간판 사각현판 조명 안내판,대기 소재,-,5678915479.0
101.0,101.0,101.0,101.0,grp-a001-02-000000021807501,nad-a001-02-000000141206881,부식간판 사각현판 조명 제작,대기 소재,-,5678915479.0
102.0,102.0,102.0,102.0,grp-a001-02-000000021807488,nad-a001-02-000000141207113,부식간판 사각현판 조명 DIY,대기 소재,-,5678915479.0
103.0,103.0,103.0,103.0,grp-a001-02-000000021807497,nad-a001-02-000000141206922,부식간판 사각현판 조명 디자인사인,대기 소재,-,5678915479.0
104.0,104.0,104.0,104.0,grp-a001-02-000000021807496,nad-a001-02-000000141206827,부식간판 사각현판 조명 사이드간판,대기 소재,-,5678915479.0
105.0,105.0,105.0,105.0,grp-a001-02-000000021807523,nad-a001-02-000000141206949,부식간판 사각현판 조명 이니셜사인,대기 소재,-,5678915479.0
106.0,106.0,106.0,106.0,grp-a001-02-000000021807511,nad-a001-02-000000141207050,부식간판 사각현판 조명 특이한간판,대기 소재,-,5678915479.0
107.0,107.0,107.0,107.0,grp-a001-02-000000021807484,nad-a001-02-000000141207093,부식간판 사각현판 조명 포인트간판,대기 소재,-,5678915479.0
108.0,108.0,108.0,108.0,grp-a001-02-000000021807485,nad-a001-02-000000141206783,부식간판 사각현판 조명 벽꾸미기,대기 소재,-,5678915479.0
109.0,109.0,109.0,109.0,grp-a001-02-000000021807486,nad-a001-02-000000141206849,부식간판 사각현판 조명 술집오픈선물,대기 소재,-,5678915479.0
110.0,110.0,110.0,110.0,grp-a001-02-000000021807481,nad-a001-02-000000141206988,부식간판 사각현판 조명 식당간판,대기 소재,-,5678915479.0
111.0,111.0,111.0,111.0,grp-a001-02-000000021807552,nad-a001-02-000000141206805,부식간판 사각현판 조명 벽면간판,대기 소재,-,5678915479.0
112.0,112.0,112.0,112.0,grp-a001-02-000000021807546,nad-a001-02-000000141206743,부식간판 사각현판 조명 캘리그라피,대기 소재,-,5678915479.0
113.0,113.0,113.0,113.0,grp-a001-02-000000021807554,nad-a001-02-000000141207072,부식간판 사각현판 조명 샵인테리어소품,대기 소재,-,5678915479.0
114.0,114.0,114.0,114.0,grp-a001-02-000000021807550,nad-a001-02-000000141206974,부식간판 사각현판 조명 홈간판,대기 소재,-,5678915479.0
115.0,115.0,115.0,115.0,grp-a001-02-000000021807549,nad-a001-02-000000141207035,부식간판 사각현판 조명 추가인테리어,대기 소재,-,5678915479.0
116.0,116.0,116.0,116.0,grp-a001-02-000000021807555,nad-a001-02-000000141206907,부식간판 사각현판 조명 아크릴로고,대기 소재,-,5678915479.0
117.0,117.0,117.0,117.0,grp-a001-02-000000022036013,nad-a001-02-000000141206750,부식간판 사각현판 조명 대문인테리어,대기 소재,-,5678915479.0
118.0,118.0,118.0,118.0,grp-a001-02-000000021785283,nad-a001-02-000000141207102,부식간판 사각현판 조명 현관문문패,대기 소재,-,5678915479.0
119.0,119.0,119.0,119.0,grp-a001-02-000000021785266,nad-a001-02-000000141206955,부식간판 사각현판 조명 축하선물,대기 소재,-,5678915479.0
120.0,120.0,120.0,120.0,grp-a001-02-000000022036032,nad-a001-02-000000141206765,부식간판 사각현판 조명 홈바간판,대기 소재,-,5678915479.0
121.0,121.0,121.0,121.0,grp-a001-02-000000021785285,nad-a001-02-000000141206891,부식간판 사각현판 조명 심플간판,대기 소재,-,5678915479.0
122.0,122.0,122.0,122.0,grp-a001-02-000000021736136,nad-a001-02-000000141207081,부식간판 사각현판 조명 감성간판,대기 소재,-,5678915479.0
123.0,123.0,123.0,123.0,grp-a001-02-000000022036028,nad-a001-02-000000141206756,부식간판 사각현판 조명 로고사인,대기 소재,-,5678915479.0
124.0,124.0,124.0,124.0,grp-a001-02-000000021786478,nad-a001-02-000000140855477,정사각형 부식 간판 현판 비조명 조명,대기 소재,-,5678915479.0
125.0,125.0,125.0,125.0,grp-a001-02-000000009335164,nad-a001-02-000000141206996,한글 스카시 사인,대기 소재,-,5673380283.0
126.0,126.0,126.0,126.0,grp-a001-02-000000021854519,nad-a001-02-000000141206932,한글 스카시 개업선물,대기 소재,-,5673380283.0
127.0,127.0,127.0,127.0,grp-a001-02-000000021807519,nad-a001-02-000000141206871,한글 스카시 안내판,대기 소재,-,5673380283.0
128.0,128.0,128.0,128.0,grp-a001-02-000000021807501,nad-a001-02-000000141206882,한글 스카시 제작,대기 소재,-,5673380283.0
129.0,129.0,129.0,129.0,grp-a001-02-000000021807497,nad-a001-02-000000141206923,한글 스카시 디자인사인,대기 소재,-,5673380283.0
130.0,130.0,130.0,130.0,grp-a001-02-000000021807496,nad-a001-02-000000141206828,한글 스카시 사이드간판,대기 소재,-,5673380283.0
131.0,131.0,131.0,131.0,grp-a001-02-000000021807523,nad-a001-02-000000141206950,한글 스카시 이니셜사인,대기 소재,-,5673380283.0
132.0,132.0,132.0,132.0,grp-a001-02-000000021807511,nad-a001-02-000000141207051,한글 스카시 특이한간판,대기 소재,-,5673380283.0
133.0,133.0,133.0,133.0,grp-a001-02-000000021807485,nad-a001-02-000000141206784,한글 스카시 벽꾸미기,대기 소재,-,5673380283.0
134.0,134.0,134.0,134.0,grp-a001-02-000000021807486,nad-a001-02-000000141206850,한글 스카시 술집오픈선물,대기 소재,-,5673380283.0
135.0,135.0,135.0,135.0,grp-a001-02-000000021807481,nad-a001-02-000000141206989,한글 스카시 식당간판,대기 소재,-,5673380283.0
136.0,136.0,136.0,136.0,grp-a001-02-000000021807552,nad-a001-02-000000141206806,한글 스카시 벽면간판,대기 소재,-,5673380283.0
137.0,137.0,137.0,137.0,grp-a001-02-000000021807546,nad-a001-02-000000141206744,한글 스카시 캘리그라피,대기 소재,-,5673380283.0
138.0,138.0,138.0,138.0,grp-a001-02-000000021807554,nad-a001-02-000000141207073,한글 스카시 샵인테리어소품,대기 소재,-,5673380283.0
139.0,139.0,139.0,139.0,grp-a001-02-000000021807550,nad-a001-02-000000141206975,한글 스카시 홈간판,대기 소재,-,5673380283.0
140.0,140.0,140.0,140.0,grp-a001-02-000000021807549,nad-a001-02-000000141207036,한글 스카시 추가인테리어,대기 소재,-,5673380283.0
141.0,141.0,141.0,141.0,grp-a001-02-000000021807555,nad-a001-02-000000141206908,한글 스카시 아크릴로고,대기 소재,-,5673380283.0
142.0,142.0,142.0,142.0,grp-a001-02-000000022036013,nad-a001-02-000000141206751,한글 스카시 대문인테리어,대기 소재,-,5673380283.0
143.0,143.0,143.0,143.0,grp-a001-02-000000021785266,nad-a001-02-000000141206956,한글 스카시 축하선물,대기 소재,-,5673380283.0
144.0,144.0,144.0,144.0,grp-a001-02-000000022036032,nad-a001-02-000000141206766,한글 스카시 홈바간판,대기 소재,-,5673380283.0
145.0,145.0,145.0,145.0,grp-a001-02-000000021785285,nad-a001-02-000000141206895,한글 스카시 심플간판,대기 소재,-,5673380283.0
146.0,146.0,146.0,146.0,grp-a001-02-000000022036028,nad-a001-02-000000141206757,한글 스카시 로고사인,대기 소재,-,5673380283.0
147.0,147.0,147.0,147.0,grp-a001-02-000000009335164,nad-a001-02-000000140009123,영어표찰 카페 흡연 창고 벽면꾸미기 도어사인,대기 소재,-,5667517742.0
148.0,148.0,148.0,148.0,grp-a001-02-000000021854519,nad-a001-02-000000141206933,영문표찰 아크릴스카시 개업선물,대기 소재,-,5667517742.0
149.0,149.0,149.0,149.0,grp-a001-02-000000021807519,nad-a001-02-000000141206872,영문표찰 아크릴스카시 안내판,대기 소재,-,5667517742.0
150.0,150.0,150.0,150.0,grp-a001-02-000000021807501,nad-a001-02-000000141206883,영문표찰 아크릴스카시 제작,대기 소재,-,5667517742.0
151.0,151.0,151.0,151.0,grp-a001-02-000000021807497,nad-a001-02-000000141206924,영문표찰 아크릴스카시 디자인사인,대기 소재,-,5667517742.0
152.0,152.0,152.0,152.0,grp-a001-02-000000021807496,nad-a001-02-000000141206829,영문표찰 아크릴스카시 사이드간판,대기 소재,-,5667517742.0
153.0,153.0,153.0,153.0,grp-a001-02-000000021807523,nad-a001-02-000000140009854,"영문 글자표찰 카페,흡연시설,창고 스카시간판",대기 소재,-,5667517742.0
154.0,154.0,154.0,154.0,grp-a001-02-000000021807511,nad-a001-02-000000141207052,영문표찰 아크릴스카시 특이한간판,대기 소재,-,5667517742.0
155.0,155.0,155.0,155.0,grp-a001-02-000000021807484,nad-a001-02-000000141207095,영문표찰 아크릴스카시 포인트간판,대기 소재,-,5667517742.0
156.0,156.0,156.0,156.0,grp-a001-02-000000021807486,nad-a001-02-000000141206851,영문표찰 아크릴스카시 술집오픈선물,대기 소재,-,5667517742.0
157.0,157.0,157.0,157.0,grp-a001-02-000000021807481,nad-a001-02-000000141206990,영문표찰 아크릴스카시 식당간판,대기 소재,-,5667517742.0
158.0,158.0,158.0,158.0,grp-a001-02-000000021807552,nad-a001-02-000000141206807,영문표찰 아크릴스카시 벽면간판,대기 소재,-,5667517742.0
159.0,159.0,159.0,159.0,grp-a001-02-000000021807546,nad-a001-02-000000141206745,영문표찰 아크릴스카시 캘리그라피,대기 소재,-,5667517742.0
160.0,160.0,160.0,160.0,grp-a001-02-000000021807554,nad-a001-02-000000141207074,영문표찰 아크릴스카시 샵인테리어소품,대기 소재,-,5667517742.0
161.0,161.0,161.0,161.0,grp-a001-02-000000021807550,nad-a001-02-000000141206976,영문표찰 아크릴스카시 홈간판,대기 소재,-,5667517742.0
162.0,162.0,162.0,162.0,grp-a001-02-000000021807549,nad-a001-02-000000140009399,영문표찰 카페 흡연 창고 아크릴글자,대기 소재,-,5667517742.0
163.0,163.0,163.0,163.0,grp-a001-02-000000021807551,nad-a001-02-000000141207018,영문표찰 아크릴스카시 아크릴글자,대기 소재,-,5667517742.0
164.0,164.0,164.0,164.0,grp-a001-02-000000021807555,nad-a001-02-000000141206909,영문표찰 아크릴스카시 아크릴로고,대기 소재,-,5667517742.0
165.0,165.0,165.0,165.0,grp-a001-02-000000022036013,nad-a001-02-000000140183819,영문표찰 아크릴스카시 대문인테리어,대기 소재,-,5667517742.0
166.0,166.0,166.0,166.0,grp-a001-02-000000021785283,nad-a001-02-000000141207104,영문표찰 아크릴스카시 현관문문패,대기 소재,-,5667517742.0
167.0,167.0,167.0,167.0,grp-a001-02-000000021785266,nad-a001-02-000000140009138,영문 글자표찰 카페 흡연 창고,대기 소재,-,5667517742.0
168.0,168.0,168.0,168.0,grp-a001-02-000000022036032,nad-a001-02-000000140183882,영문표찰 아크릴스카시 홈바간판,대기 소재,-,5667517742.0
169.0,169.0,169.0,169.0,grp-a001-02-000000021785285,nad-a001-02-000000141206896,영문표찰 아크릴스카시 심플간판,대기 소재,-,5667517742.0
170.0,170.0,170.0,170.0,grp-a001-02-000000009335164,nad-a001-02-000000140009124,한글표찰 카페 흡연 창고 벽면꾸미기 도어사인,대기 소재,-,5665298879.0
171.0,171.0,171.0,171.0,grp-a001-02-000000021854519,nad-a001-02-000000141206934,한글표찰 스카시 개업선물,대기 소재,-,5665298879.0
172.0,172.0,172.0,172.0,grp-a001-02-000000021807519,nad-a001-02-000000141206873,한글표찰 스카시 안내판,대기 소재,-,5665298879.0
173.0,173.0,173.0,173.0,grp-a001-02-000000021807501,nad-a001-02-000000141206884,한글표찰 스카시 제작,대기 소재,-,5665298879.0
174.0,174.0,174.0,174.0,grp-a001-02-000000021807497,nad-a001-02-000000141206925,한글표찰 스카시 디자인사인,대기 소재,-,5665298879.0
175.0,175.0,175.0,175.0,grp-a001-02-000000021807496,nad-a001-02-000000141206830,한글표찰 스카시 사이드간판,대기 소재,-,5665298879.0
176.0,176.0,176.0,176.0,grp-a001-02-000000021807523,nad-a001-02-000000140009855,"한글 글자표찰 카페,흡연시설,창고 스카시간판",대기 소재,-,5665298879.0
177.0,177.0,177.0,177.0,grp-a001-02-000000021807484,nad-a001-02-000000141207096,한글표찰 스카시 포인트간판,대기 소재,-,5665298879.0
178.0,178.0,178.0,178.0,grp-a001-02-000000021807486,nad-a001-02-000000141206852,한글표찰 스카시 술집오픈선물,대기 소재,-,5665298879.0
179.0,179.0,179.0,179.0,grp-a001-02-000000021807481,nad-a001-02-000000141206991,한글표찰 스카시 식당간판,대기 소재,-,5665298879.0
180.0,180.0,180.0,180.0,grp-a001-02-000000021807552,nad-a001-02-000000141206808,한글표찰 스카시 벽면간판,대기 소재,-,5665298879.0
181.0,181.0,181.0,181.0,grp-a001-02-000000021807546,nad-a001-02-000000141206746,한글표찰 스카시 캘리그라피,대기 소재,-,5665298879.0
182.0,182.0,182.0,182.0,grp-a001-02-000000021807554,nad-a001-02-000000141207075,한글표찰 스카시 샵인테리어소품,대기 소재,-,5665298879.0
183.0,183.0,183.0,183.0,grp-a001-02-000000021807550,nad-a001-02-000000141206977,한글표찰 스카시 홈간판,대기 소재,-,5665298879.0
184.0,184.0,184.0,184.0,grp-a001-02-000000021807549,nad-a001-02-000000140009398,한글표찰 카페 흡연 창고 아크릴글자,대기 소재,-,5665298879.0
185.0,185.0,185.0,185.0,grp-a001-02-000000021807551,nad-a001-02-000000141207019,한글표찰 스카시 아크릴글자,대기 소재,-,5665298879.0
186.0,186.0,186.0,186.0,grp-a001-02-000000021807555,nad-a001-02-000000141206910,한글표찰 스카시 아크릴로고,대기 소재,-,5665298879.0
187.0,187.0,187.0,187.0,grp-a001-02-000000022036013,nad-a001-02-000000140183820,한글표찰 스카시 대문인테리어,대기 소재,-,5665298879.0
188.0,188.0,188.0,188.0,grp-a001-02-000000021785283,nad-a001-02-000000141207105,한글표찰 스카시 현관문문패,대기 소재,-,5665298879.0
189.0,189.0,189.0,189.0,grp-a001-02-000000021785266,nad-a001-02-000000140009139,"한글 글자표찰 카페,흡연 창고",대기 소재,-,5665298879.0
190.0,190.0,190.0,190.0,grp-a001-02-000000021785285,nad-a001-02-000000141206897,한글표찰 스카시 심플간판,대기 소재,-,5665298879.0
191.0,191.0,191.0,191.0,grp-a001-02-000000009335164,nad-a001-02-000000140009121,가게픽토그램 벽면꾸미기 도어사인,대기 소재,-,5656232947.0
192.0,192.0,192.0,192.0,grp-a001-02-000000021854519,nad-a001-02-000000141206929,가게표찰 3t아크릴 개업선물,대기 소재,-,5656232947.0
193.0,193.0,193.0,193.0,grp-a001-02-000000021807519,nad-a001-02-000000141206868,가게표찰 3t아크릴 안내판,대기 소재,-,5656232947.0
194.0,194.0,194.0,194.0,grp-a001-02-000000021807501,nad-a001-02-000000141206879,가게표찰 3t아크릴 제작,대기 소재,-,5656232947.0
195.0,195.0,195.0,195.0,grp-a001-02-000000021807497,nad-a001-02-000000141206920,가게표찰 3t아크릴 디자인사인,대기 소재,-,5656232947.0
196.0,196.0,196.0,196.0,grp-a001-02-000000021807496,nad-a001-02-000000141206825,가게표찰 3t아크릴 사이드간판,대기 소재,-,5656232947.0
197.0,197.0,197.0,197.0,grp-a001-02-000000021807523,nad-a001-02-000000140009856,가게표찰 카페 흡연시설 스카시간판,대기 소재,-,5656232947.0
198.0,198.0,198.0,198.0,grp-a001-02-000000021807486,nad-a001-02-000000141206847,가게표찰 3t아크릴 술집오픈선물,대기 소재,-,5656232947.0
199.0,199.0,199.0,199.0,grp-a001-02-000000021807481,nad-a001-02-000000141206986,가게표찰 3t아크릴 식당간판,대기 소재,-,5656232947.0
200.0,200.0,200.0,200.0,grp-a001-02-000000021807552,nad-a001-02-000000141206802,가게표찰 3t아크릴 벽면간판,대기 소재,-,5656232947.0
201.0,201.0,201.0,201.0,grp-a001-02-000000021807546,nad-a001-02-000000141206730,가게표찰 3t아크릴 캘리그라피,대기 소재,-,5656232947.0
202.0,202.0,202.0,202.0,grp-a001-02-000000021807554,nad-a001-02-000000141207070,가게표찰 3t아크릴 샵인테리어소품,대기 소재,-,5656232947.0
203.0,203.0,203.0,203.0,grp-a001-02-000000021807550,nad-a001-02-000000141206972,가게표찰 3t아크릴 홈간판,대기 소재,-,5656232947.0
204.0,204.0,204.0,204.0,grp-a001-02-000000021807551,nad-a001-02-000000141207014,가게표찰 3t아크릴 아크릴글자,대기 소재,-,5656232947.0
205.0,205.0,205.0,205.0,grp-a001-02-000000021807555,nad-a001-02-000000141206905,가게표찰 3t아크릴 아크릴로고,대기 소재,-,5656232947.0
206.0,206.0,206.0,206.0,grp-a001-02-000000022036013,nad-a001-02-000000140183817,가게표찰 3t아크릴 대문인테리어,대기 소재,-,5656232947.0
207.0,207.0,207.0,207.0,grp-a001-02-000000021785283,nad-a001-02-000000141207100,가게표찰 3t아크릴 현관문문패,대기 소재,-,5656232947.0
208.0,208.0,208.0,208.0,grp-a001-02-000000021785266,nad-a001-02-000000140009136,가게픽토그램,대기 소재,-,5656232947.0
209.0,209.0,209.0,209.0,grp-a001-02-000000022036032,nad-a001-02-000000140183880,가게표찰 3t아크릴 홈바간판,대기 소재,-,5656232947.0
210.0,210.0,210.0,210.0,grp-a001-02-000000021785285,nad-a001-02-000000141206888,가게표찰 3t아크릴 심플간판,대기 소재,-,5656232947.0
211.0,211.0,211.0,211.0,grp-a001-02-000000021736136,nad-a001-02-000000141207079,가게표찰 3t아크릴 감성간판,대기 소재,-,5656232947.0
212.0,212.0,212.0,212.0,grp-a001-02-000000021854519,nad-a001-02-000000141206930,객실호수 아파트호실 도어사인 개업선물,대기 소재,-,5639493658.0
213.0,213.0,213.0,213.0,grp-a001-02-000000021807519,nad-a001-02-000000141206869,객실호수 아파트호실 도어사인 안내판,대기 소재,-,5639493658.0
214.0,214.0,214.0,214.0,grp-a001-02-000000021807501,nad-a001-02-000000141206880,객실호수 아파트호실 도어사인 제작,대기 소재,-,5639493658.0
215.0,215.0,215.0,215.0,grp-a001-02-000000021807497,nad-a001-02-000000141206921,객실호수 아파트호실 도어사인 디자인,대기 소재,-,5639493658.0
216.0,216.0,216.0,216.0,grp-a001-02-000000021807496,nad-a001-02-000000141206826,객실호수 아파트호실 도어사인 사이드간판,대기 소재,-,5639493658.0
217.0,217.0,217.0,217.0,grp-a001-02-000000021807511,nad-a001-02-000000141207049,객실호수 아파트호실 도어사인 특이한간판,대기 소재,-,5639493658.0
218.0,218.0,218.0,218.0,grp-a001-02-000000021807486,nad-a001-02-000000141206848,객실호수 아파트호실 도어사인 술집오픈선물,대기 소재,-,5639493658.0
219.0,219.0,219.0,219.0,grp-a001-02-000000021807481,nad-a001-02-000000141206987,객실호수 아파트호실 도어사인 식당간판,대기 소재,-,5639493658.0
220.0,220.0,220.0,220.0,grp-a001-02-000000021807552,nad-a001-02-000000141206804,객실호수 아파트호실 도어사인 벽면간판,대기 소재,-,5639493658.0
221.0,221.0,221.0,221.0,grp-a001-02-000000021807546,nad-a001-02-000000141206739,객실호수 아파트호실 도어사인 캘리그라피,대기 소재,-,5639493658.0
222.0,222.0,222.0,222.0,grp-a001-02-000000021807554,nad-a001-02-000000141207071,객실호수 아파트호실 도어사인 샵인테리어소품,대기 소재,-,5639493658.0
223.0,223.0,223.0,223.0,grp-a001-02-000000021807550,nad-a001-02-000000141206973,객실호수 아파트호실 도어사인 홈간판,대기 소재,-,5639493658.0
224.0,224.0,224.0,224.0,grp-a001-02-000000021807551,nad-a001-02-000000141207015,객실호수 아파트호실 도어사인 아크릴글자,대기 소재,-,5639493658.0
225.0,225.0,225.0,225.0,grp-a001-02-000000021807555,nad-a001-02-000000141206906,객실호수 아파트호실 도어사인 아크릴로고,대기 소재,-,5639493658.0
226.0,226.0,226.0,226.0,grp-a001-02-000000022036013,nad-a001-02-000000140183818,원룸 포인트 로고간판 카페 흡연 창고,대기 소재,-,5639493658.0
227.0,227.0,227.0,227.0,grp-a001-02-000000021785266,nad-a001-02-000000140009137,객실호실,대기 소재,-,5639493658.0
228.0,228.0,228.0,228.0,grp-a001-02-000000021785285,nad-a001-02-000000141206889,객실호수 아파트호실 도어사인 심플간판,대기 소재,-,5639493658.0
229.0,229.0,229.0,229.0,grp-a001-02-000000021786478,nad-a001-02-000000139474950,아크릴 도어사인 3t 아파트호실 객실표찰,대기 소재,-,5639493658.0
230.0,230.0,230.0,230.0,grp-a001-02-000000009335164,nad-a001-02-000000137752690,아크릴스카시 화장실픽토그램 벽면꾸미기 도어사인,대기 소재,-,5626538470.0
231.0,231.0,231.0,231.0,grp-a001-02-000000021854519,nad-a001-02-000000138741042,화장실표시 결혼 신혼 개업 창업 선물,대기 소재,-,5626538470.0
232.0,232.0,232.0,232.0,grp-a001-02-000000021807497,nad-a001-02-000000141206914,화장실 표찰 아크릴 디자인사인,대기 소재,-,5626538470.0
233.0,233.0,233.0,233.0,grp-a001-02-000000021807496,nad-a001-02-000000141206818,화장실 표찰 아크릴 사이드간판,대기 소재,-,5626538470.0
234.0,234.0,234.0,234.0,grp-a001-02-000000021807523,nad-a001-02-000000138288734,화장실표지판 아크릴현판 시판 안내판 푯말,대기 소재,-,5626538470.0
235.0,235.0,235.0,235.0,grp-a001-02-000000021807511,nad-a001-02-000000141207040,화장실 표찰 아크릴 특이한간판,대기 소재,-,5626538470.0
236.0,236.0,236.0,236.0,grp-a001-02-000000021807486,nad-a001-02-000000141206835,화장실 표찰 아크릴 술집오픈선물,대기 소재,-,5626538470.0
237.0,237.0,237.0,237.0,grp-a001-02-000000021807481,nad-a001-02-000000141206981,화장실 표찰 아크릴 식당간판,대기 소재,-,5626538470.0
238.0,238.0,238.0,238.0,grp-a001-02-000000021807546,nad-a001-02-000000141206726,화장실 표찰 아크릴 캘리그라피,대기 소재,-,5626538470.0
239.0,239.0,239.0,239.0,grp-a001-02-000000021807550,nad-a001-02-000000138288730,화장실표시 아파트호수판,대기 소재,-,5626538470.0
240.0,240.0,240.0,240.0,grp-a001-02-000000021807551,nad-a001-02-000000138288728,화장실표시 아크릴간판제작,대기 소재,-,5626538470.0
241.0,241.0,241.0,241.0,grp-a001-02-000000021807555,nad-a001-02-000000141206901,화장실 표찰 아크릴 아크릴로고,대기 소재,-,5626538470.0
242.0,242.0,242.0,242.0,grp-a001-02-000000022036013,nad-a001-02-000000140183796,화장실표시 남녀화장실 아크릴 안내문 픽토그램,대기 소재,-,5626538470.0
243.0,243.0,243.0,243.0,grp-a001-02-000000021785283,nad-a001-02-000000138098223,화장실픽토그램 스카시 포인트간판,대기 소재,-,5626538470.0
244.0,244.0,244.0,244.0,grp-a001-02-000000021785266,nad-a001-02-000000138098205,아크릴스카시 화장실픽토그램 표지판 아이방문패,대기 소재,-,5626538470.0
245.0,245.0,245.0,245.0,grp-a001-02-000000022036032,nad-a001-02-000000140183859,화장실 표찰 아크릴 홈바간판,대기 소재,-,5626538470.0
246.0,246.0,246.0,246.0,grp-a001-02-000000021785285,nad-a001-02-000000138098229,스카시 화장실픽토그램 아크릴글자 입체글씨,대기 소재,-,5626538470.0
247.0,247.0,247.0,247.0,grp-a001-02-000000021736136,nad-a001-02-000000137583320,아크릴스카시 화장실픽토그램 화장실표지판,대기 소재,-,5626538470.0
248.0,248.0,248.0,248.0,grp-a001-02-000000021786478,nad-a001-02-000000138104753,화장실 픽토그램 화장실표찰 아크릴 스카시 3T,대기 소재,-,5626538470.0
249.0,249.0,249.0,249.0,grp-a001-02-000000009335164,nad-a001-02-000000137752691,아크릴스카시 레터링인테리어 벽면꾸미기 도어사인,대기 소재,-,5554114837.0
250.0,250.0,250.0,250.0,grp-a001-02-000000021854519,nad-a001-02-000000138741045,스카시견적 결혼 신혼 개업 창업 선물,대기 소재,-,5554114837.0
251.0,251.0,251.0,251.0,grp-a001-02-000000021807501,nad-a001-02-000000138288741,스카시견적 주문제작 포인트간판,대기 소재,-,5554114837.0
252.0,252.0,252.0,252.0,grp-a001-02-000000021807488,nad-a001-02-000000138288743,스카시견적 캠핑간판,대기 소재,-,5554114837.0
253.0,253.0,253.0,253.0,grp-a001-02-000000021807497,nad-a001-02-000000141206915,스카시 자동견적 아크릴시안 디자인사인,대기 소재,-,5554114837.0
254.0,254.0,254.0,254.0,grp-a001-02-000000021807496,nad-a001-02-000000141206819,스카시 제작 간편한 설치,대기 소재,-,5554114837.0
255.0,255.0,255.0,255.0,grp-a001-02-000000021807523,nad-a001-02-000000138288735,아크릴견적 스카시간판,대기 소재,-,5554114837.0
256.0,256.0,256.0,256.0,grp-a001-02-000000021807511,nad-a001-02-000000141207041,스카시 자동견적 아크릴시안 특이한간판,대기 소재,-,5554114837.0
257.0,257.0,257.0,257.0,grp-a001-02-000000021807481,nad-a001-02-000000141206982,스카시 자동견적 아크릴시안 식당간판,대기 소재,-,5554114837.0
258.0,258.0,258.0,258.0,grp-a001-02-000000021807546,nad-a001-02-000000141206727,디자인문패 팻말 안내표지판 벽간판 푯말,대기 소재,-,5554114837.0
259.0,259.0,259.0,259.0,grp-a001-02-000000021807550,nad-a001-02-000000138288731,스카시견적 아파트호수판,대기 소재,-,5554114837.0
260.0,260.0,260.0,260.0,grp-a001-02-000000021807549,nad-a001-02-000000138288733,스카시견적 아크릴글자,대기 소재,-,5554114837.0
261.0,261.0,261.0,261.0,grp-a001-02-000000021807551,nad-a001-02-000000138288729,스카시견적 아크릴간판제작,대기 소재,-,5554114837.0
262.0,262.0,262.0,262.0,grp-a001-02-000000022036013,nad-a001-02-000000140183799,스카시 자동견적 아크릴시안 대문인테리어,대기 소재,-,5554114837.0
263.0,263.0,263.0,263.0,grp-a001-02-000000021785283,nad-a001-02-000000138098224,스카시 주문제작 포인트간판,대기 소재,-,5554114837.0
264.0,264.0,264.0,264.0,grp-a001-02-000000021785266,nad-a001-02-000000138098206,아크릴소재 스카시견적 아이방문패 도로명주소판,대기 소재,-,5554114837.0
265.0,265.0,265.0,265.0,grp-a001-02-000000022036032,nad-a001-02-000000140183862,스카시 자동견적 아크릴시안 홈바간판,대기 소재,-,5554114837.0
266.0,266.0,266.0,266.0,grp-a001-02-000000021785285,nad-a001-02-000000138098230,아크릴소재 스카시견적 레터링 입체글씨 미러,대기 소재,-,5554114837.0
267.0,267.0,267.0,267.0,grp-a001-02-000000021736136,nad-a001-02-000000137583321,아크릴소재 스카시견적 레터링 입체글씨 미러,대기 소재,-,5554114837.0
268.0,268.0,268.0,268.0,grp-a001-02-000000022036028,nad-a001-02-000000140183828,스카시 자동견적 아크릴시안 로고사인,대기 소재,-,5554114837.0
269.0,269.0,269.0,269.0,grp-a001-02-000000021786478,nad-a001-02-000000138104925,3/5T 아크릴스카시 한영중일 접착식 미러,대기 소재,-,5554114837.0
270.0,270.0,270.0,270.0,grp-a001-02-000000009335164,nad-a001-02-000000138286760,야자수 서핑존 영업중 창문간판 사이드후광LED,대기 소재,-,5543209252.0
271.0,271.0,271.0,271.0,grp-a001-02-000000021854519,nad-a001-02-000000138741046,야자수존 결혼 신혼 개업 창업 선물,대기 소재,-,5543209252.0
272.0,272.0,272.0,272.0,grp-a001-02-000000021807519,nad-a001-02-000000141206857,야자수 안내판,대기 소재,-,5543209252.0
273.0,273.0,273.0,273.0,grp-a001-02-000000021807496,nad-a001-02-000000141206820,야자수 게스트하우스 사이드간판,대기 소재,-,5543209252.0
274.0,274.0,274.0,274.0,grp-a001-02-000000021807523,nad-a001-02-000000141206938,야자수 숙박업 이니셜사인,대기 소재,-,5543209252.0
275.0,275.0,275.0,275.0,grp-a001-02-000000021807485,nad-a001-02-000000141206771,야자수 벽꾸미기,대기 소재,-,5543209252.0
276.0,276.0,276.0,276.0,grp-a001-02-000000021807486,nad-a001-02-000000141206836,야자수 술집오픈선물,대기 소재,-,5543209252.0
277.0,277.0,277.0,277.0,grp-a001-02-000000021807552,nad-a001-02-000000141206789,야자수 벽면간판,대기 소재,-,5543209252.0
278.0,278.0,278.0,278.0,grp-a001-02-000000021807546,nad-a001-02-000000138288555,야자수존 영업중간판,대기 소재,-,5543209252.0
279.0,279.0,279.0,279.0,grp-a001-02-000000021807554,nad-a001-02-000000141207058,야자수 샵인테리어소품,대기 소재,-,5543209252.0
280.0,280.0,280.0,280.0,grp-a001-02-000000021807550,nad-a001-02-000000141206961,야자수 홈간판,대기 소재,-,5543209252.0
281.0,281.0,281.0,281.0,grp-a001-02-000000021807549,nad-a001-02-000000141207024,야자수 추가인테리어,대기 소재,-,5543209252.0
282.0,282.0,282.0,282.0,grp-a001-02-000000021807551,nad-a001-02-000000141207001,야자수 아크릴글자,대기 소재,-,5543209252.0
283.0,283.0,283.0,283.0,grp-a001-02-000000021807555,nad-a001-02-000000138288526,야자수존 대문문패,대기 소재,-,5543209252.0
284.0,284.0,284.0,284.0,grp-a001-02-000000022036013,nad-a001-02-000000140183800,야자수 대문인테리어,대기 소재,-,5543209252.0
285.0,285.0,285.0,285.0,grp-a001-02-000000021785283,nad-a001-02-000000138286285,야자수 포인트 채널 LED아크릴 캠핑간판,대기 소재,-,5543209252.0
286.0,286.0,286.0,286.0,grp-a001-02-000000022036032,nad-a001-02-000000140183863,야자수존 아크릴 네온글씨 글자 LED간판,대기 소재,-,5543209252.0
287.0,287.0,287.0,287.0,grp-a001-02-000000021736136,nad-a001-02-000000138287041,야자수 서핑존 영업중 오픈간판 개업선물,대기 소재,-,5543209252.0
288.0,288.0,288.0,288.0,grp-a001-02-000000022036028,nad-a001-02-000000140183829,야자수 로고사인,대기 소재,-,5543209252.0
289.0,289.0,289.0,289.0,grp-a001-02-000000021786478,nad-a001-02-000000138272065,야자수 게스트하우스 숙박 비치 서핑존 조명간판,대기 소재,-,5543209252.0
290.0,290.0,290.0,290.0,grp-a001-02-000000009335164,nad-a001-02-000000138286761,꽃길만걸어요 영업중 창문간판 사이드후광LED,대기 소재,-,5543184233.0
291.0,291.0,291.0,291.0,grp-a001-02-000000021854519,nad-a001-02-000000138741047,꽃길만걸어요 결혼 신혼 개업 창업 선물,대기 소재,-,5543184233.0
292.0,292.0,292.0,292.0,grp-a001-02-000000021807519,nad-a001-02-000000141206858,포토존 꽃길사인 안내판,대기 소재,-,5543184233.0
293.0,293.0,293.0,293.0,grp-a001-02-000000021807488,nad-a001-02-000000138288672,꽃길만걸어요 캠핑간판,대기 소재,-,5543184233.0
294.0,294.0,294.0,294.0,grp-a001-02-000000021807523,nad-a001-02-000000141206939,포토존 꽃길사인 이니셜사인,대기 소재,-,5543184233.0
295.0,295.0,295.0,295.0,grp-a001-02-000000021807485,nad-a001-02-000000141206772,포토존 꽃길사인 벽꾸미기,대기 소재,-,5543184233.0
296.0,296.0,296.0,296.0,grp-a001-02-000000021807486,nad-a001-02-000000141206837,포토존 꽃길사인 술집오픈선물,대기 소재,-,5543184233.0
297.0,297.0,297.0,297.0,grp-a001-02-000000021807552,nad-a001-02-000000141206790,포토존 꽃길사인 벽면간판,대기 소재,-,5543184233.0
298.0,298.0,298.0,298.0,grp-a001-02-000000021807550,nad-a001-02-000000141206962,포토존 꽃길사인 홈간판,대기 소재,-,5543184233.0
299.0,299.0,299.0,299.0,grp-a001-02-000000021807549,nad-a001-02-000000141207025,포토존 꽃길사인 추가인테리어,대기 소재,-,5543184233.0
300.0,300.0,300.0,300.0,grp-a001-02-000000021807551,nad-a001-02-000000141207002,포토존 꽃길사인 아크릴글자,대기 소재,-,5543184233.0
301.0,301.0,301.0,301.0,grp-a001-02-000000021807555,nad-a001-02-000000138288527,꽃길만걸어요 대문문패,대기 소재,-,5543184233.0
302.0,302.0,302.0,302.0,grp-a001-02-000000022036013,nad-a001-02-000000140183801,포토존 꽃길사인 대문인테리어,대기 소재,-,5543184233.0
303.0,303.0,303.0,303.0,grp-a001-02-000000021785283,nad-a001-02-000000138286286,꽃길 포인트 채널 LED아크릴 캠핑간판,대기 소재,-,5543184233.0
304.0,304.0,304.0,304.0,grp-a001-02-000000021785266,nad-a001-02-000000138287064,꽃길만걸어요 나래바네온사인 캠핑문패,대기 소재,-,5543184233.0
305.0,305.0,305.0,305.0,grp-a001-02-000000022036032,nad-a001-02-000000140183864,꽃길만걸어요 아크릴 네온글씨 글자 LED간판,대기 소재,-,5543184233.0
306.0,306.0,306.0,306.0,grp-a001-02-000000021785285,nad-a001-02-000000138287085,꽃길만걸어요 영업중간판,대기 소재,-,5543184233.0
307.0,307.0,307.0,307.0,grp-a001-02-000000021736136,nad-a001-02-000000138287042,꽃길만걸어요 영업중 오픈간판 개업선물,대기 소재,-,5543184233.0
308.0,308.0,308.0,308.0,grp-a001-02-000000022036028,nad-a001-02-000000140183830,포토존 꽃길사인 로고사인,대기 소재,-,5543184233.0
309.0,309.0,309.0,309.0,grp-a001-02-000000021786478,nad-a001-02-000000138272066,꽃길만걸어요 네온광 와인바 포토스팟존 벤치조명,대기 소재,-,5543184233.0
310.0,310.0,310.0,310.0,grp-a001-02-000000009335164,nad-a001-02-000000138286762,누들라멘 면전문점 영업중 창문간판 사이드LED,대기 소재,-,5541325255.0
311.0,311.0,311.0,311.0,grp-a001-02-000000021854519,nad-a001-02-000000138741048,라멘전문점 결혼 신혼 개업 창업 선물,대기 소재,-,5541325255.0
312.0,312.0,312.0,312.0,grp-a001-02-000000021807519,nad-a001-02-000000141206859,면전문점 안내판,대기 소재,-,5541325255.0
313.0,313.0,313.0,313.0,grp-a001-02-000000021807497,nad-a001-02-000000138288631,누들라멘전문점 채널사인,대기 소재,-,5541325255.0
314.0,314.0,314.0,314.0,grp-a001-02-000000021807523,nad-a001-02-000000141206940,면전문점 이니셜사인,대기 소재,-,5541325255.0
315.0,315.0,315.0,315.0,grp-a001-02-000000021807485,nad-a001-02-000000141206773,면전문점 벽꾸미기,대기 소재,-,5541325255.0
316.0,316.0,316.0,316.0,grp-a001-02-000000021807486,nad-a001-02-000000141206838,면전문점 술집오픈선물,대기 소재,-,5541325255.0
317.0,317.0,317.0,317.0,grp-a001-02-000000021807552,nad-a001-02-000000141206791,면전문점 벽면간판,대기 소재,-,5541325255.0
318.0,318.0,318.0,318.0,grp-a001-02-000000021807546,nad-a001-02-000000138288557,라멘전문점 영업중간판,대기 소재,-,5541325255.0
319.0,319.0,319.0,319.0,grp-a001-02-000000021807554,nad-a001-02-000000141207060,면전문점 샵인테리어소품,대기 소재,-,5541325255.0
320.0,320.0,320.0,320.0,grp-a001-02-000000021807550,nad-a001-02-000000141206963,면전문점 홈간판,대기 소재,-,5541325255.0
321.0,321.0,321.0,321.0,grp-a001-02-000000021807549,nad-a001-02-000000141207026,면전문점 추가인테리어,대기 소재,-,5541325255.0
322.0,322.0,322.0,322.0,grp-a001-02-000000021807551,nad-a001-02-000000141207003,면전문점 아크릴글자,대기 소재,-,5541325255.0
323.0,323.0,323.0,323.0,grp-a001-02-000000021807555,nad-a001-02-000000138288528,라멘전문점 대문문패,대기 소재,-,5541325255.0
324.0,324.0,324.0,324.0,grp-a001-02-000000022036013,nad-a001-02-000000140183802,면전문점 대문인테리어,대기 소재,-,5541325255.0
325.0,325.0,325.0,325.0,grp-a001-02-000000021785283,nad-a001-02-000000138286287,누들 포인트 채널 LED아크릴 캠핑간판,대기 소재,-,5541325255.0
326.0,326.0,326.0,326.0,grp-a001-02-000000021785266,nad-a001-02-000000141206954,면전문점 축하선물,대기 소재,-,5541325255.0
327.0,327.0,327.0,327.0,grp-a001-02-000000022036032,nad-a001-02-000000140183865,라멘전문점 아크릴 네온글씨 글자 LED간판,대기 소재,-,5541325255.0
328.0,328.0,328.0,328.0,grp-a001-02-000000021736136,nad-a001-02-000000138287043,누들라멘 면전문점 영업중 오픈간판 개업선물,대기 소재,-,5541325255.0
329.0,329.0,329.0,329.0,grp-a001-02-000000022036028,nad-a001-02-000000140183831,면전문점 로고사인,대기 소재,-,5541325255.0
330.0,330.0,330.0,330.0,grp-a001-02-000000021786478,nad-a001-02-000000138272067,누들 라멘 면전문점 칼국수 우동 편의점 벽등,대기 소재,-,5541325255.0
331.0,331.0,331.0,331.0,grp-a001-02-000000021854519,nad-a001-02-000000138741049,구로간판 결혼 신혼 개업 창업 선물,대기 소재,-,5526918158.0
332.0,332.0,332.0,332.0,grp-a001-02-000000021807501,nad-a001-02-000000141206877,철제구로 글자간판 제작,대기 소재,-,5526918158.0
333.0,333.0,333.0,333.0,grp-a001-02-000000021807496,nad-a001-02-000000141206821,까치발 입체글자 푯말 개업선물 제작 사이드판,대기 소재,-,5526918158.0
334.0,334.0,334.0,334.0,grp-a001-02-000000021807523,nad-a001-02-000000141206941,철제구로 글자간판 이니셜사인,대기 소재,-,5526918158.0
335.0,335.0,335.0,335.0,grp-a001-02-000000021807484,nad-a001-02-000000141207088,까치발푯말 입체글자 개업선물 포인트 제작,대기 소재,-,5526918158.0
336.0,336.0,336.0,336.0,grp-a001-02-000000021807554,nad-a001-02-000000141207061,까치발간판 입체글자 푯말 개업선물 제작 안내판,대기 소재,-,5526918158.0
337.0,337.0,337.0,337.0,grp-a001-02-000000021807550,nad-a001-02-000000141206964,철제구로 글자간판 홈간판,대기 소재,-,5526918158.0
338.0,338.0,338.0,338.0,grp-a001-02-000000021807549,nad-a001-02-000000141207027,철제구로 글자간판 추가인테리어,대기 소재,-,5526918158.0
339.0,339.0,339.0,339.0,grp-a001-02-000000021807555,nad-a001-02-000000141206902,철제구로 글자간판 아크릴로고,대기 소재,-,5526918158.0
340.0,340.0,340.0,340.0,grp-a001-02-000000022036013,nad-a001-02-000000140183803,철제구로 글자간판 대문인테리어,대기 소재,-,5526918158.0
341.0,341.0,341.0,341.0,grp-a001-02-000000021785283,nad-a001-02-000000138286288,철제구로 글자간판 현관문문패,대기 소재,-,5526918158.0
342.0,342.0,342.0,342.0,grp-a001-02-000000021785266,nad-a001-02-000000138287066,철제구로 글자간판 축하선물,대기 소재,-,5526918158.0
343.0,343.0,343.0,343.0,grp-a001-02-000000022036032,nad-a001-02-000000140183866,철제구로 글자간판 홈바간판,대기 소재,-,5526918158.0
344.0,344.0,344.0,344.0,grp-a001-02-000000021785285,nad-a001-02-000000138287087,철제구로 글자간판 심플간판,대기 소재,-,5526918158.0
345.0,345.0,345.0,345.0,grp-a001-02-000000021736136,nad-a001-02-000000138287044,"( 일반형 ) DIY 철제간판 , 도색간판",대기 소재,-,5526918158.0
346.0,346.0,346.0,346.0,grp-a001-02-000000021786478,nad-a001-02-000000138272074,"( 일반형 ) DIY 철제간판 , 도색간판",대기 소재,-,5526918158.0
347.0,347.0,347.0,347.0,grp-a001-02-000000021854519,nad-a001-02-000000138741050,구로밑줄간판 결혼 신혼 개업 창업 선물,대기 소재,-,5519456740.0
348.0,348.0,348.0,348.0,grp-a001-02-000000021807519,nad-a001-02-000000141206861,철제구로 밑줄간판 안내판,대기 소재,-,5519456740.0
349.0,349.0,349.0,349.0,grp-a001-02-000000021807501,nad-a001-02-000000141206878,철제구로 밑줄간판 제작,대기 소재,-,5519456740.0
350.0,350.0,350.0,350.0,grp-a001-02-000000021807488,nad-a001-02-000000141207110,철제구로 밑줄간판 DIY,대기 소재,-,5519456740.0
351.0,351.0,351.0,351.0,grp-a001-02-000000021807497,nad-a001-02-000000141206917,철제구로 밑줄간판 디자인사인,대기 소재,-,5519456740.0
352.0,352.0,352.0,352.0,grp-a001-02-000000021807496,nad-a001-02-000000141206822,철제구로 밑줄 특이한 사이드간판,대기 소재,-,5519456740.0
353.0,353.0,353.0,353.0,grp-a001-02-000000021807523,nad-a001-02-000000141206942,구로철판 포인트 로고 보조간판,대기 소재,-,5519456740.0
354.0,354.0,354.0,354.0,grp-a001-02-000000021807484,nad-a001-02-000000141207089,철제구로 밑줄간판 포인트간판,대기 소재,-,5519456740.0
355.0,355.0,355.0,355.0,grp-a001-02-000000021807485,nad-a001-02-000000141206775,철제구로 밑줄간판 벽꾸미기,대기 소재,-,5519456740.0
356.0,356.0,356.0,356.0,grp-a001-02-000000021807486,nad-a001-02-000000141206840,철제구로 밑줄간판 술집오픈선물,대기 소재,-,5519456740.0
357.0,357.0,357.0,357.0,grp-a001-02-000000021807552,nad-a001-02-000000141206793,철제구로 밑줄간판 벽면간판,대기 소재,-,5519456740.0
358.0,358.0,358.0,358.0,grp-a001-02-000000021807546,nad-a001-02-000000141206729,철제구로 밑줄간판 캘리그라피,대기 소재,-,5519456740.0
359.0,359.0,359.0,359.0,grp-a001-02-000000021807554,nad-a001-02-000000141207062,철제구로 밑줄간판 샵인테리어소품,대기 소재,-,5519456740.0
360.0,360.0,360.0,360.0,grp-a001-02-000000021807549,nad-a001-02-000000141207028,철제구로 밑줄간판 추가인테리어,대기 소재,-,5519456740.0
361.0,361.0,361.0,361.0,grp-a001-02-000000021807551,nad-a001-02-000000141207005,철제구로 밑줄간판 아크릴글자,대기 소재,-,5519456740.0
362.0,362.0,362.0,362.0,grp-a001-02-000000022036013,nad-a001-02-000000140183804,철제구로 밑줄간판 대문인테리어,대기 소재,-,5519456740.0
363.0,363.0,363.0,363.0,grp-a001-02-000000021785283,nad-a001-02-000000138286289,철제구로 밑줄간판 현관문문패,대기 소재,-,5519456740.0
364.0,364.0,364.0,364.0,grp-a001-02-000000021785266,nad-a001-02-000000138287067,철제구로 밑줄간판 축하선물,대기 소재,-,5519456740.0
365.0,365.0,365.0,365.0,grp-a001-02-000000022036032,nad-a001-02-000000140183867,철제구로 밑줄간판 홈바간판,대기 소재,-,5519456740.0
366.0,366.0,366.0,366.0,grp-a001-02-000000021785285,nad-a001-02-000000138287088,철제구로 밑줄간판 심플간판,대기 소재,-,5519456740.0
367.0,367.0,367.0,367.0,grp-a001-02-000000021736136,nad-a001-02-000000138287045,"( 밑줄형 ) DIY 철제간판 , 도색간판",대기 소재,-,5519456740.0
368.0,368.0,368.0,368.0,grp-a001-02-000000022036028,nad-a001-02-000000140183833,철제구로 밑줄간판 로고사인,대기 소재,-,5519456740.0
369.0,369.0,369.0,369.0,grp-a001-02-000000021786478,nad-a001-02-000000138272075,"( 밑줄형 ) DIY 철제간판 , 도색간판",대기 소재,-,5519456740.0
370.0,370.0,370.0,370.0,grp-a001-02-000000021854519,nad-a001-02-000000138741053,방문포장배달 결혼 신혼 개업 창업 선물,대기 소재,-,5237576830.0
371.0,371.0,371.0,371.0,grp-a001-02-000000021807519,nad-a001-02-000000141206862,포장방문배달 전문점 안내판,대기 소재,-,5237576830.0
372.0,372.0,372.0,372.0,grp-a001-02-000000021807523,nad-a001-02-000000141206943,포장방문배달 전문점 이니셜사인,대기 소재,-,5237576830.0
373.0,373.0,373.0,373.0,grp-a001-02-000000021807485,nad-a001-02-000000141206776,포장방문배달 전문점 벽꾸미기,대기 소재,-,5237576830.0
374.0,374.0,374.0,374.0,grp-a001-02-000000021807486,nad-a001-02-000000141206841,포장방문배달 전문점 술집오픈선물,대기 소재,-,5237576830.0
375.0,375.0,375.0,375.0,grp-a001-02-000000021807552,nad-a001-02-000000141206794,포장방문배달 전문점 벽면간판,대기 소재,-,5237576830.0
376.0,376.0,376.0,376.0,grp-a001-02-000000021807554,nad-a001-02-000000141207064,포장방문배달 전문점 샵인테리어소품,대기 소재,-,5237576830.0
377.0,377.0,377.0,377.0,grp-a001-02-000000021807550,nad-a001-02-000000141206966,포장방문배달 전문점 홈간판,대기 소재,-,5237576830.0
378.0,378.0,378.0,378.0,grp-a001-02-000000021807549,nad-a001-02-000000141207029,포장방문배달 전문점 추가인테리어,대기 소재,-,5237576830.0
379.0,379.0,379.0,379.0,grp-a001-02-000000021807551,nad-a001-02-000000141207006,포장방문배달 전문점 아크릴글자,대기 소재,-,5237576830.0
380.0,380.0,380.0,380.0,grp-a001-02-000000022036013,nad-a001-02-000000140183806,포장방문배달 전문점 대문인테리어,대기 소재,-,5237576830.0
381.0,381.0,381.0,381.0,grp-a001-02-000000021785283,nad-a001-02-000000138098227,포장배달 포인트 채널 LED아크릴간판,대기 소재,-,5237576830.0
382.0,382.0,382.0,382.0,grp-a001-02-000000021785266,nad-a001-02-000000138098209,포장배달 영업중 나래바네온사인 캠핑문패,대기 소재,-,5237576830.0
383.0,383.0,383.0,383.0,grp-a001-02-000000022036032,nad-a001-02-000000140183869,방문포장배달 아크릴 네온글씨 글자 LED간판,대기 소재,-,5237576830.0
384.0,384.0,384.0,384.0,grp-a001-02-000000021736136,nad-a001-02-000000137752674,포장배달 코로나영업재개 창문장식인테리어,대기 소재,-,5237576830.0
385.0,385.0,385.0,385.0,grp-a001-02-000000022036028,nad-a001-02-000000140183835,포장방문배달 전문점 로고사인,대기 소재,-,5237576830.0
386.0,386.0,386.0,386.0,grp-a001-02-000000021786478,nad-a001-02-000000138104750,TAKEOUT 네온 이니셜간판 화이트 레드 테이크아웃 카페 식당 치킨 방문포장 LED조명,대기 소재,-,5237576830.0
387.0,387.0,387.0,387.0,grp-a001-02-000000009335164,nad-a001-02-000000137580743,수제맥주점 영업중 창문작은간판 사이드후광LED,대기 소재,-,5229304479.0
388.0,388.0,388.0,388.0,grp-a001-02-000000021854519,nad-a001-02-000000138741057,수제맥주잔 결혼 신혼 개업 창업 선물,대기 소재,-,5229304479.0
389.0,389.0,389.0,389.0,grp-a001-02-000000021807555,nad-a001-02-000000138288532,수제맥주잔 대문문패,대기 소재,-,5229304479.0
390.0,390.0,390.0,390.0,grp-a001-02-000000022036013,nad-a001-02-000000140183808,맥주 주점 대문인테리어,대기 소재,-,5229304479.0
391.0,391.0,391.0,391.0,grp-a001-02-000000021785283,nad-a001-02-000000138098228,수제맥주점 포인트 채널 캠핑 LED아크릴간판,대기 소재,-,5229304479.0
392.0,392.0,392.0,392.0,grp-a001-02-000000021785266,nad-a001-02-000000138098210,수제맥주점 영업중 나래바네온사인 캠핑문패,대기 소재,-,5229304479.0
393.0,393.0,393.0,393.0,grp-a001-02-000000022036032,nad-a001-02-000000140183871,수제맥주잔 아크릴 네온글씨 글자 LED간판,대기 소재,-,5229304479.0
394.0,394.0,394.0,394.0,grp-a001-02-000000021785285,nad-a001-02-000000138098234,수제맥주점 영업중간판,대기 소재,-,5229304479.0
395.0,395.0,395.0,395.0,grp-a001-02-000000021736136,nad-a001-02-000000137752675,수제맥주점 영업중 오픈간판 개업선물,대기 소재,-,5229304479.0
396.0,396.0,396.0,396.0,grp-a001-02-000000009335164,nad-a001-02-000000138286768,셀프바 뷔페 영업중 창문간판 사이드후광LED,대기 소재,-,5223485305.0
397.0,397.0,397.0,397.0,grp-a001-02-000000021854519,nad-a001-02-000000138741059,셀프바뷔페 결혼 신혼 개업 창업 선물,대기 소재,-,5223485305.0
398.0,398.0,398.0,398.0,grp-a001-02-000000021807519,nad-a001-02-000000141206864,셀프바 안내판,대기 소재,-,5223485305.0
399.0,399.0,399.0,399.0,grp-a001-02-000000021807496,nad-a001-02-000000141206823,셀프바 사이드간판,대기 소재,-,5223485305.0
400.0,400.0,400.0,400.0,grp-a001-02-000000021807523,nad-a001-02-000000141206945,셀프바 이니셜사인,대기 소재,-,5223485305.0
401.0,401.0,401.0,401.0,grp-a001-02-000000021807485,nad-a001-02-000000141206778,셀프바 벽꾸미기,대기 소재,-,5223485305.0
402.0,402.0,402.0,402.0,grp-a001-02-000000021807486,nad-a001-02-000000141206843,셀프바 술집오픈선물,대기 소재,-,5223485305.0
403.0,403.0,403.0,403.0,grp-a001-02-000000021807552,nad-a001-02-000000141206798,셀프바 벽면간판,대기 소재,-,5223485305.0
404.0,404.0,404.0,404.0,grp-a001-02-000000021807554,nad-a001-02-000000141207066,셀프바 샵인테리어소품,대기 소재,-,5223485305.0
405.0,405.0,405.0,405.0,grp-a001-02-000000021807550,nad-a001-02-000000141206968,셀프바 홈간판,대기 소재,-,5223485305.0
406.0,406.0,406.0,406.0,grp-a001-02-000000021807549,nad-a001-02-000000141207031,셀프바 추가인테리어,대기 소재,-,5223485305.0
407.0,407.0,407.0,407.0,grp-a001-02-000000021807551,nad-a001-02-000000141207009,셀프바 아크릴글자,대기 소재,-,5223485305.0
408.0,408.0,408.0,408.0,grp-a001-02-000000022036013,nad-a001-02-000000140183810,셀프바 대문인테리어,대기 소재,-,5223485305.0
409.0,409.0,409.0,409.0,grp-a001-02-000000021785283,nad-a001-02-000000138286293,셀프바 포인트 채널 LED아크릴 캠핑간판,대기 소재,-,5223485305.0
410.0,410.0,410.0,410.0,grp-a001-02-000000022036032,nad-a001-02-000000140183873,셀프바뷔페 아크릴 네온글씨 글자 LED간판,대기 소재,-,5223485305.0
411.0,411.0,411.0,411.0,grp-a001-02-000000021785285,nad-a001-02-000000138287091,셀프바 뷔페 영업중간판,대기 소재,-,5223485305.0
412.0,412.0,412.0,412.0,grp-a001-02-000000021736136,nad-a001-02-000000138287048,셀프바 뷔페 영업중 오픈간판 개업선물,대기 소재,-,5223485305.0
413.0,413.0,413.0,413.0,grp-a001-02-000000022036028,nad-a001-02-000000140183839,셀프바 로고사인,대기 소재,-,5223485305.0
414.0,414.0,414.0,414.0,grp-a001-02-000000021786478,nad-a001-02-000000138272071,뷔페 셀프바 네온 문자조명 LED간판 개업선물,대기 소재,-,5223485305.0
415.0,415.0,415.0,415.0,grp-a001-02-000000009335164,nad-a001-02-000000141199730,OPEN 오픈 영업중 창문간판 사이드후광LED,대기 소재,-,5057254533.0
416.0,416.0,416.0,416.0,grp-a001-02-000000021854519,nad-a001-02-000000141199726,OPEN 결혼 신혼 개업 창업 선물,대기 소재,-,5057254533.0
417.0,417.0,417.0,417.0,grp-a001-02-000000021807519,nad-a001-02-000000141206853,영업중 오픈사인 안내판,대기 소재,-,5057254533.0
418.0,418.0,418.0,418.0,grp-a001-02-000000021807501,nad-a001-02-000000141199722,OPEN 포인트간판,대기 소재,-,5057254533.0
419.0,419.0,419.0,419.0,grp-a001-02-000000021807497,nad-a001-02-000000141199725,오픈 카페 팻말 포인트 후광 글자간판 네온제작,대기 소재,-,5057254533.0
420.0,420.0,420.0,420.0,grp-a001-02-000000021807523,nad-a001-02-000000141199727,오픈영업중 스카시간판,대기 소재,-,5057254533.0
421.0,421.0,421.0,421.0,grp-a001-02-000000021807484,nad-a001-02-000000141199732,오픈선물 코로나영업재개 창문장식인테리어,대기 소재,-,5057254533.0
422.0,422.0,422.0,422.0,grp-a001-02-000000021807485,nad-a001-02-000000141206767,영업중 오픈사인 벽꾸미기,대기 소재,-,5057254533.0
423.0,423.0,423.0,423.0,grp-a001-02-000000021807486,nad-a001-02-000000141206831,영업중 오픈사인 술집오픈선물,대기 소재,-,5057254533.0
424.0,424.0,424.0,424.0,grp-a001-02-000000021807552,nad-a001-02-000000141206785,영업중 오픈사인 벽면간판,대기 소재,-,5057254533.0
425.0,425.0,425.0,425.0,grp-a001-02-000000021807546,nad-a001-02-000000141199719,오픈LED 아크릴 NEONSIGN 인테리어간판,대기 소재,-,5057254533.0
426.0,426.0,426.0,426.0,grp-a001-02-000000021807554,nad-a001-02-000000141207054,영업중 오픈사인 샵인테리어소품,대기 소재,-,5057254533.0
427.0,427.0,427.0,427.0,grp-a001-02-000000021807550,nad-a001-02-000000141206957,영업중 오픈사인 홈간판,대기 소재,-,5057254533.0
428.0,428.0,428.0,428.0,grp-a001-02-000000021807549,nad-a001-02-000000141207020,영업중 오픈사인 추가인테리어,대기 소재,-,5057254533.0
429.0,429.0,429.0,429.0,grp-a001-02-000000021807551,nad-a001-02-000000141206997,영업중 오픈사인 아크릴글자,대기 소재,-,5057254533.0
430.0,430.0,430.0,430.0,grp-a001-02-000000022036013,nad-a001-02-000000141208414,영업중 오픈사인 대문인테리어,대기 소재,-,5057254533.0
431.0,431.0,431.0,431.0,grp-a001-02-000000021785285,nad-a001-02-000000141199723,OPEN 오픈LED 영업중간판,대기 소재,-,5057254533.0
432.0,432.0,432.0,432.0,grp-a001-02-000000021736136,nad-a001-02-000000141199625,LED 오픈사인 영업중 조명간판 아크릴채널 캠핑포인트문패 홈바네온 개업선물,대기 소재,-,5057254533.0
433.0,433.0,433.0,433.0,grp-a001-02-000000022036028,nad-a001-02-000000141206752,영업중 오픈사인 로고사인,대기 소재,-,5057254533.0
434.0,434.0,434.0,434.0,grp-a001-02-000000021786478,nad-a001-02-000000141199957,LED 오픈사인 영업중 조명간판 아크릴채널 캠핑포인트문패 홈바네온 개업선물,대기 소재,-,5057254533.0
435.0,435.0,435.0,435.0,grp-a001-02-000000009335164,nad-a001-02-000000138286771,네일샵 영업중 창문간판 사이드후광LED,대기 소재,-,4884956801.0
436.0,436.0,436.0,436.0,grp-a001-02-000000021854519,nad-a001-02-000000138741064,네일샵 결혼 신혼 개업 창업 선물,대기 소재,-,4884956801.0
437.0,437.0,437.0,437.0,grp-a001-02-000000021807519,nad-a001-02-000000141206866,네일샵 안내판,대기 소재,-,4884956801.0
438.0,438.0,438.0,438.0,grp-a001-02-000000021807488,nad-a001-02-000000138288684,네일샵 캠핑간판,대기 소재,-,4884956801.0
439.0,439.0,439.0,439.0,grp-a001-02-000000021807523,nad-a001-02-000000141206947,네일샵 이니셜사인,대기 소재,-,4884956801.0
440.0,440.0,440.0,440.0,grp-a001-02-000000021807484,nad-a001-02-000000138288710,네일샵 캠핑문패,대기 소재,-,4884956801.0
441.0,441.0,441.0,441.0,grp-a001-02-000000021807485,nad-a001-02-000000141206780,네일샵 벽꾸미기,대기 소재,-,4884956801.0
442.0,442.0,442.0,442.0,grp-a001-02-000000021807486,nad-a001-02-000000141206845,네일샵 술집오픈선물,대기 소재,-,4884956801.0
443.0,443.0,443.0,443.0,grp-a001-02-000000021807552,nad-a001-02-000000141206800,네일샵 벽면간판,대기 소재,-,4884956801.0
444.0,444.0,444.0,444.0,grp-a001-02-000000021807546,nad-a001-02-000000138288568,네일샵 영업중간판,대기 소재,-,4884956801.0
445.0,445.0,445.0,445.0,grp-a001-02-000000021807554,nad-a001-02-000000141207068,네일샵 샵인테리어소품,대기 소재,-,4884956801.0
446.0,446.0,446.0,446.0,grp-a001-02-000000021807550,nad-a001-02-000000141206970,네일샵 홈간판,대기 소재,-,4884956801.0
447.0,447.0,447.0,447.0,grp-a001-02-000000021807549,nad-a001-02-000000141207033,네일샵 추가인테리어,대기 소재,-,4884956801.0
448.0,448.0,448.0,448.0,grp-a001-02-000000021807551,nad-a001-02-000000141207011,네일샵 아크릴글자,대기 소재,-,4884956801.0
449.0,449.0,449.0,449.0,grp-a001-02-000000021807555,nad-a001-02-000000141206904,네일샵 아크릴로고,대기 소재,-,4884956801.0
450.0,450.0,450.0,450.0,grp-a001-02-000000022036013,nad-a001-02-000000140183815,네일샵 대문인테리어,대기 소재,-,4884956801.0
451.0,451.0,451.0,451.0,grp-a001-02-000000021785283,nad-a001-02-000000138286296,네일샵 포인트 채널 LED아크릴 캠핑간판,대기 소재,-,4884956801.0
452.0,452.0,452.0,452.0,grp-a001-02-000000022036032,nad-a001-02-000000140183878,네일샵 아크릴 네온글씨 글자 LED간판,대기 소재,-,4884956801.0
453.0,453.0,453.0,453.0,grp-a001-02-000000021785285,nad-a001-02-000000138287096,네일샵 영업중간판,대기 소재,-,4884956801.0
454.0,454.0,454.0,454.0,grp-a001-02-000000021736136,nad-a001-02-000000138287053,네일샵 영업중 오픈간판 개업선물,대기 소재,-,4884956801.0
455.0,455.0,455.0,455.0,grp-a001-02-000000022036028,nad-a001-02-000000140183844,네일샵 로고사인,대기 소재,-,4884956801.0
456.0,456.0,456.0,456.0,grp-a001-02-000000021786478,nad-a001-02-000000138272076,네일아트 네일샵 led 조명간판,대기 소재,-,4884956801.0
457.0,457.0,457.0,457.0,grp-a001-02-000000009335164,nad-a001-02-000000138286772,헤어샵 미용실 영업중 창문간판 사이드후광LED,대기 소재,-,4884729518.0
458.0,458.0,458.0,458.0,grp-a001-02-000000021854519,nad-a001-02-000000138741065,미용실바버샵 결혼 신혼 개업 창업 선물,대기 소재,-,4884729518.0
459.0,459.0,459.0,459.0,grp-a001-02-000000021807519,nad-a001-02-000000141206867,헤어샵 안내판,대기 소재,-,4884729518.0
460.0,460.0,460.0,460.0,grp-a001-02-000000021807488,nad-a001-02-000000138288685,미용실바버샵 캠핑간판,대기 소재,-,4884729518.0
461.0,461.0,461.0,461.0,grp-a001-02-000000021807496,nad-a001-02-000000141206824,헤어샵 사이드간판,대기 소재,-,4884729518.0
462.0,462.0,462.0,462.0,grp-a001-02-000000021807523,nad-a001-02-000000141206948,헤어샵 이니셜사인,대기 소재,-,4884729518.0
463.0,463.0,463.0,463.0,grp-a001-02-000000021807484,nad-a001-02-000000138288711,미용실바버샵 캠핑문패,대기 소재,-,4884729518.0
464.0,464.0,464.0,464.0,grp-a001-02-000000021807485,nad-a001-02-000000141206781,헤어샵 벽꾸미기,대기 소재,-,4884729518.0
465.0,465.0,465.0,465.0,grp-a001-02-000000021807486,nad-a001-02-000000141206846,헤어샵 술집오픈선물,대기 소재,-,4884729518.0
466.0,466.0,466.0,466.0,grp-a001-02-000000021807552,nad-a001-02-000000141206801,헤어샵 벽면간판,대기 소재,-,4884729518.0
467.0,467.0,467.0,467.0,grp-a001-02-000000021807546,nad-a001-02-000000138288569,미용실바버샵 영업중간판,대기 소재,-,4884729518.0
468.0,468.0,468.0,468.0,grp-a001-02-000000021807554,nad-a001-02-000000141207069,헤어샵 샵인테리어소품,대기 소재,-,4884729518.0
469.0,469.0,469.0,469.0,grp-a001-02-000000021807550,nad-a001-02-000000141206971,헤어샵 홈간판,대기 소재,-,4884729518.0
470.0,470.0,470.0,470.0,grp-a001-02-000000021807549,nad-a001-02-000000141207034,헤어샵 추가인테리어,대기 소재,-,4884729518.0
471.0,471.0,471.0,471.0,grp-a001-02-000000021807551,nad-a001-02-000000141207012,헤어샵 아크릴글자,대기 소재,-,4884729518.0
472.0,472.0,472.0,472.0,grp-a001-02-000000022036013,nad-a001-02-000000140183816,헤어샵 대문인테리어,대기 소재,-,4884729518.0
473.0,473.0,473.0,473.0,grp-a001-02-000000021785283,nad-a001-02-000000138286297,바버샵 포인트 채널 LED아크릴 캠핑간판,대기 소재,-,4884729518.0
474.0,474.0,474.0,474.0,grp-a001-02-000000022036032,nad-a001-02-000000140183879,미용실바버샵 아크릴 네온글씨 글자 LED간판,대기 소재,-,4884729518.0
475.0,475.0,475.0,475.0,grp-a001-02-000000021785285,nad-a001-02-000000138287092,헤어샵 바버샵 미용실 영업중간판,대기 소재,-,4884729518.0
476.0,476.0,476.0,476.0,grp-a001-02-000000021736136,nad-a001-02-000000138287049,헤어샵 미용실 영업중 오픈간판 개업선물,대기 소재,-,4884729518.0
477.0,477.0,477.0,477.0,grp-a001-02-000000022036028,nad-a001-02-000000140183845,헤어샵 로고사인,대기 소재,-,4884729518.0
478.0,478.0,478.0,478.0,grp-a001-02-000000021786478,nad-a001-02-000000138272077,헤어바버샵 미용실 블루네온 LED간판 개업선물,대기 소재,-,4884729518.0
479.0,479.0,479.0,479.0,grp-a001-02-000000009335164,nad-a001-02-000000101417703,카페 커피 영업중 창문간판 사이드후광LED,대기 소재,-,3966923717.0
480.0,480.0,480.0,480.0,grp-a001-02-000000021854519,nad-a001-02-000000138741062,카페커피컵 결혼 신혼 개업 창업 선물,대기 소재,-,3966923717.0
481.0,481.0,481.0,481.0,grp-a001-02-000000021807484,nad-a001-02-000000141207090,카페 커피간판 포인트간판,대기 소재,-,3966923717.0
482.0,482.0,482.0,482.0,grp-a001-02-000000021807555,nad-a001-02-000000138288537,카페커피컵 대문문패,대기 소재,-,3966923717.0
483.0,483.0,483.0,483.0,grp-a001-02-000000022036013,nad-a001-02-000000140183813,카페 커피간판 대문인테리어,대기 소재,-,3966923717.0
484.0,484.0,484.0,484.0,grp-a001-02-000000021785283,nad-a001-02-000000138098226,카페 네온사인 포인트 채널 LED아크릴간판,대기 소재,-,3966923717.0
485.0,485.0,485.0,485.0,grp-a001-02-000000021785266,nad-a001-02-000000138098208,카페 커피 영업중 나래바네온사인 캠핑문패,대기 소재,-,3966923717.0
486.0,486.0,486.0,486.0,grp-a001-02-000000022036032,nad-a001-02-000000140183876,카페커피컵 아크릴 네온글씨 글자 LED간판,대기 소재,-,3966923717.0
487.0,487.0,487.0,487.0,grp-a001-02-000000021785285,nad-a001-02-000000140188132,카페 커피간판 영업중간판,대기 소재,-,3966923717.0
488.0,488.0,488.0,488.0,grp-a001-02-000000021736136,nad-a001-02-000000137752673,카페 커피 영업중 오픈간판 개업선물,대기 소재,-,3966923717.0
489.0,489.0,489.0,489.0,grp-a001-02-000000021786478,nad-a001-02-000000138104752,카페 커피간판 오픈 개업선물 LED 네온 루미사인,대기 소재,-,3966923717.0
490.0,490.0,490.0,490.0,grp-a001-02-000000021786478,nad-a001-02-000000142168264,양면폼테이프 다용도 건축용 가정용 시공부착용 간판자재,대기 소재,-,606800853.0
491.0,491.0,491.0,491.0,grp-a001-02-000000021786478,nad-a001-02-000000142168267,보영황금헤라 썬팅 랩핑 시트지 필름시공,대기 소재,-,451547627.0
492.0,492.0,492.0,492.0,grp-a001-02-000000021786478,nad-a001-02-000000142168269,올양모헤라 썬팅 랩핑시공 기스방지 밀대,대기 소재,-,451539952.0
493.0,493.0,493.0,493.0,grp-a001-02-000000021786478,nad-a001-02-000000145968688,양모헤라 썬팅전용 기스방지 시트지시공 랩핑,대기 소재,-,451539605.0
494.0,494.0,494.0,494.0,grp-a001-02-000000021786478,nad-a001-02-000000145968689,썬팅전용헤라 랩핑 기스 시트지전용 연질,대기 소재,-,451539269.0
495.0,495.0,495.0,495.0,grp-a001-02-000000021786478,nad-a001-02-000000142168274,썬팅전용헤라 랩핑 기스 시트지전용 우레탄,대기 소재,-,451538786.0
496.0,496.0,496.0,496.0,grp-a001-02-000000021786478,nad-a001-02-000000145968687,썬팅전용헤라 랩핑 기스 시트지전용 이중날고무,대기 소재,-,451538449.0
